seed,edge_idx,x_eval,activation
42,0,-1.0,2.481733798980713
42,1,-1.0,0.36481600999832153
42,0,-0.9899497628211975,2.4721291065216064
42,1,-0.9899497628211975,0.36478346586227417
42,0,-0.979899525642395,2.4609408378601074
42,1,-0.979899525642395,0.36476749181747437
42,0,-0.9698492288589478,2.448129177093506
42,1,-0.9698492288589478,0.3647659420967102
42,0,-0.9597989916801453,2.433657646179199
42,1,-0.9597989916801453,0.3647770881652832
42,0,-0.9497487545013428,2.4174866676330566
42,1,-0.9497487545013428,0.3647990822792053
42,0,-0.9396985173225403,2.3995790481567383
42,1,-0.9396985173225403,0.3648298382759094
42,0,-0.929648220539093,2.379894733428955
42,1,-0.929648220539093,0.36486750841140747
42,0,-0.9195979833602905,2.3583970069885254
42,1,-0.9195979833602905,0.36491015553474426
42,0,-0.909547746181488,2.3350465297698975
42,1,-0.909547746181488,0.3649560511112213
42,0,-0.8994975090026855,2.3098056316375732
42,1,-0.8994975090026855,0.3650030493736267
42,0,-0.8894472122192383,2.282635450363159
42,1,-0.8894472122192383,0.36504927277565
42,0,-0.8793969750404358,2.253497362136841
42,1,-0.8793969750404358,0.365092933177948
42,0,-0.8693467378616333,2.2223541736602783
42,1,-0.8693467378616333,0.36513200402259827
42,0,-0.8592965006828308,2.18916654586792
42,1,-0.8592965006828308,0.36516448855400085
42,0,-0.8492462038993835,2.1538963317871094
42,1,-0.8492462038993835,0.36518874764442444
42,0,-0.839195966720581,2.1165051460266113
42,1,-0.839195966720581,0.3652026951313019
42,0,-0.8291457295417786,2.0769548416137695
42,1,-0.8291457295417786,0.36520445346832275
42,0,-0.8190954923629761,2.0352070331573486
42,1,-0.8190954923629761,0.3651919662952423
42,0,-0.8090452551841736,1.991223692893982
42,1,-0.8090452551841736,0.3651634752750397
42,0,-0.7989949584007263,1.9449653625488281
42,1,-0.7989949584007263,0.3651171624660492
42,0,-0.7889447212219238,1.8963948488235474
42,1,-0.7889447212219238,0.36505088210105896
42,0,-0.7788944840431213,1.8454735279083252
42,1,-0.7788944840431213,0.3649628758430481
42,0,-0.7688442468643188,1.7921627759933472
42,1,-0.7688442468643188,0.36485111713409424
42,0,-0.7587939500808716,1.7364240884780884
42,1,-0.7587939500808716,0.3647138476371765
42,0,-0.7487437129020691,1.6782199144363403
42,1,-0.7487437129020691,0.36454907059669495
42,0,-0.7386934757232666,1.617576241493225
42,1,-0.7386934757232666,0.36435607075691223
42,0,-0.7286432385444641,1.5546977519989014
42,1,-0.7286432385444641,0.36413782835006714
42,0,-0.7185929417610168,1.4898196458816528
42,1,-0.7185929417610168,0.3638976514339447
42,0,-0.7085427045822144,1.4231778383255005
42,1,-0.7085427045822144,0.3636389374732971
42,0,-0.6984924674034119,1.3550076484680176
42,1,-0.6984924674034119,0.3633652627468109
42,0,-0.6884422302246094,1.2855441570281982
42,1,-0.6884422302246094,0.3630799949169159
42,0,-0.6783919334411621,1.2150222063064575
42,1,-0.6783919334411621,0.3627864420413971
42,0,-0.6683416962623596,1.1436785459518433
42,1,-0.6683416962623596,0.36248812079429626
42,0,-0.6582914590835571,1.071747899055481
42,1,-0.6582914590835571,0.36218857765197754
42,0,-0.6482412219047546,0.9994654059410095
42,1,-0.6482412219047546,0.3618910610675812
42,0,-0.6381909251213074,0.9270663857460022
42,1,-0.6381909251213074,0.3615990877151489
42,0,-0.6281406879425049,0.8547868132591248
42,1,-0.6281406879425049,0.361316055059433
42,0,-0.6180904507637024,0.7828616499900818
42,1,-0.6180904507637024,0.36104539036750793
42,0,-0.6080402135848999,0.7115265130996704
42,1,-0.6080402135848999,0.3607906103134155
42,0,-0.5979899764060974,0.6410166025161743
42,1,-0.5979899764060974,0.36055487394332886
42,0,-0.5879396796226501,0.5715669989585876
42,1,-0.5879396796226501,0.36034202575683594
42,0,-0.5778894424438477,0.5034137964248657
42,1,-0.5778894424438477,0.3601551353931427
42,0,-0.5678392052650452,0.4367920160293579
42,1,-0.5678392052650452,0.35999777913093567
42,0,-0.5577889680862427,0.3719370365142822
42,1,-0.5577889680862427,0.3598734736442566
42,0,-0.5477386713027954,0.3090839982032776
42,1,-0.5477386713027954,0.35978540778160095
42,0,-0.5376884341239929,0.2484688013792038
42,1,-0.5376884341239929,0.35973721742630005
42,0,-0.5276381969451904,0.19032657146453857
42,1,-0.5276381969451904,0.3597322404384613
42,0,-0.5175879597663879,0.13489268720149994
42,1,-0.5175879597663879,0.3597739040851593
42,0,-0.5075376629829407,0.08240222930908203
42,1,-0.5075376629829407,0.35986557602882385
42,0,-0.4974874258041382,0.03309030830860138
42,1,-0.4974874258041382,0.36001095175743103
42,0,-0.4874371886253357,-0.012922167778015137
42,1,-0.4874371886253357,0.36022430658340454
42,0,-0.4773869216442108,-0.05573359131813049
42,1,-0.4773869216442108,0.3605409562587738
42,0,-0.4673366844654083,-0.09546731412410736
42,1,-0.4673366844654083,0.3609989285469055
42,0,-0.45728641748428345,-0.1322472244501114
42,1,-0.45728641748428345,0.36163583397865295
42,0,-0.44723618030548096,-0.16619667410850525
42,1,-0.44723618030548096,0.3624897599220276
42,0,-0.43718594312667847,-0.19743935763835907
42,1,-0.43718594312667847,0.3635983467102051
42,0,-0.4271356761455536,-0.2260989546775818
42,1,-0.4271356761455536,0.3649994432926178
42,0,-0.4170854389667511,-0.25229892134666443
42,1,-0.4170854389667511,0.36673104763031006
42,0,-0.4070351719856262,-0.2761630415916443
42,1,-0.4070351719856262,0.36883091926574707
42,0,-0.39698493480682373,-0.2978147268295288
42,1,-0.39698493480682373,0.37133681774139404
42,0,-0.38693466782569885,-0.3173776865005493
42,1,-0.38693466782569885,0.37428659200668335
42,0,-0.37688443064689636,-0.3349754810333252
42,1,-0.37688443064689636,0.3777181804180145
42,0,-0.3668341636657715,-0.350731760263443
42,1,-0.3668341636657715,0.38166940212249756
42,0,-0.356783926486969,-0.3647700250148773
42,1,-0.356783926486969,0.3861779570579529
42,0,-0.3467336595058441,-0.3772139549255371
42,1,-0.3467336595058441,0.3912818431854248
42,0,-0.3366834223270416,-0.38818714022636414
42,1,-0.3366834223270416,0.39701879024505615
42,0,-0.32663315534591675,-0.39781320095062256
42,1,-0.32663315534591675,0.40342676639556885
42,0,-0.31658291816711426,-0.406215637922287
42,1,-0.31658291816711426,0.4105435013771057
42,0,-0.3065326511859894,-0.41351819038391113
42,1,-0.3065326511859894,0.41840681433677673
42,0,-0.2964824140071869,-0.419844388961792
42,1,-0.2964824140071869,0.42705464363098145
42,0,-0.286432147026062,-0.42531776428222656
42,1,-0.286432147026062,0.43652471899986267
42,0,-0.2763819098472595,-0.43006205558776855
42,1,-0.2763819098472595,0.44685494899749756
42,0,-0.26633167266845703,-0.43420079350471497
42,1,-0.26633167266845703,0.4580830931663513
42,0,-0.25628140568733215,-0.4378575086593628
42,1,-0.25628140568733215,0.4702471196651459
42,0,-0.24623115360736847,-0.441155344247818
42,1,-0.24623115360736847,0.4833837151527405
42,0,-0.23618090152740479,-0.4441850781440735
42,1,-0.23618090152740479,0.4974748492240906
42,0,-0.2261306494474411,-0.4469938278198242
42,1,-0.2261306494474411,0.5124276280403137
42,0,-0.21608039736747742,-0.44962528347969055
42,1,-0.21608039736747742,0.5281434655189514
42,0,-0.20603014528751373,-0.4521231949329376
42,1,-0.20603014528751373,0.5445235967636108
42,0,-0.19597989320755005,-0.454531192779541
42,1,-0.19597989320755005,0.5614692568778992
42,0,-0.18592964112758636,-0.45689308643341064
42,1,-0.18592964112758636,0.5788819789886475
42,0,-0.17587940394878387,-0.4592525362968445
42,1,-0.17587940394878387,0.5966629981994629
42,0,-0.1658291518688202,-0.46165329217910767
42,1,-0.1658291518688202,0.6147136092185974
42,0,-0.1557788997888565,-0.46413886547088623
42,1,-0.1557788997888565,0.6329351663589478
42,0,-0.14572864770889282,-0.4667532444000244
42,1,-0.14572864770889282,0.6512290835380554
42,0,-0.13567839562892914,-0.46953994035720825
42,1,-0.13567839562892914,0.669496476650238
42,0,-0.12562814354896545,-0.4725428521633148
42,1,-0.12562814354896545,0.687639057636261
42,0,-0.11557789146900177,-0.47580552101135254
42,1,-0.11557789146900177,0.7055578827857971
42,0,-0.10552763938903809,-0.47937172651290894
42,1,-0.10552763938903809,0.7231543064117432
42,0,-0.0954773873090744,-0.48328515887260437
42,1,-0.0954773873090744,0.7403296232223511
42,0,-0.08542713522911072,-0.4875895380973816
42,1,-0.08542713522911072,0.7569854259490967
42,0,-0.07537688314914703,-0.49232858419418335
42,1,-0.07537688314914703,0.7730227708816528
42,0,-0.06532663106918335,-0.49754598736763
42,1,-0.06532663106918335,0.788343071937561
42,0,-0.055276382714509964,-0.5032854676246643
42,1,-0.055276382714509964,0.8028477430343628
42,0,-0.04522613063454628,-0.509590744972229
42,1,-0.04522613063454628,0.8164379596710205
42,0,-0.035175878554582596,-0.5165054798126221
42,1,-0.035175878554582596,0.8290152549743652
42,0,-0.02512562833726406,-0.5240734219551086
42,1,-0.02512562833726406,0.8404807448387146
42,0,-0.015075377188622952,-0.5323383212089539
42,1,-0.015075377188622952,0.8507359027862549
42,0,-0.005025125574320555,-0.5413438677787781
42,1,-0.005025125574320555,0.8596821427345276
42,0,0.005025125574320555,-0.5511314868927002
42,1,0.005025125574320555,0.867224395275116
42,0,0.015075377188622952,-0.5616914629936218
42,1,0.015075377188622952,0.8733542561531067
42,0,0.02512562833726406,-0.5729628205299377
42,1,0.02512562833726406,0.8781502842903137
42,0,0.035175878554582596,-0.5848823189735413
42,1,0.035175878554582596,0.8816944360733032
42,0,0.04522613063454628,-0.5973866581916809
42,1,0.04522613063454628,0.8840686678886414
42,0,0.055276382714509964,-0.6104128956794739
42,1,0.055276382714509964,0.8853550553321838
42,0,0.06532663106918335,-0.6238974928855896
42,1,0.06532663106918335,0.8856356143951416
42,0,0.07537688314914703,-0.6377773880958557
42,1,0.07537688314914703,0.8849924206733704
42,0,0.08542713522911072,-0.651989221572876
42,1,0.08542713522911072,0.883507490158081
42,0,0.0954773873090744,-0.6664700508117676
42,1,0.0954773873090744,0.8812629580497742
42,0,0.10552763938903809,-0.6811564564704895
42,1,0.10552763938903809,0.8783407211303711
42,0,0.11557789146900177,-0.6959852576255798
42,1,0.11557789146900177,0.8748230338096619
42,0,0.12562814354896545,-0.7108930945396423
42,1,0.12562814354896545,0.8707915544509888
42,0,0.13567839562892914,-0.7258170247077942
42,1,0.13567839562892914,0.866328775882721
42,0,0.14572864770889282,-0.7406937479972839
42,1,0.14572864770889282,0.861516535282135
42,0,0.1557788997888565,-0.7554599642753601
42,1,0.1557788997888565,0.8564366698265076
42,0,0.1658291518688202,-0.7700525522232056
42,1,0.1658291518688202,0.8511716723442078
42,0,0.17587940394878387,-0.7844081521034241
42,1,0.17587940394878387,0.8458031415939331
42,0,0.18592964112758636,-0.7984634041786194
42,1,0.18592964112758636,0.8404134511947632
42,0,0.19597989320755005,-0.8121554851531982
42,1,0.19597989320755005,0.8350843787193298
42,0,0.20603014528751373,-0.8254210352897644
42,1,0.20603014528751373,0.8298981189727783
42,0,0.21608039736747742,-0.8381968140602112
42,1,0.21608039736747742,0.8249366879463196
42,0,0.2261306494474411,-0.8504194021224976
42,1,0.2261306494474411,0.8202821612358093
42,0,0.23618090152740479,-0.862026035785675
42,1,0.23618090152740479,0.8160165548324585
42,0,0.24623115360736847,-0.8729530572891235
42,1,0.24623115360736847,0.812221884727478
42,0,0.25628140568733215,-0.8831415176391602
42,1,0.25628140568733215,0.808975338935852
42,0,0.26633167266845703,-0.89258873462677
42,1,0.26633167266845703,0.8062920570373535
42,0,0.2763819098472595,-0.901332437992096
42,1,0.2763819098472595,0.8041407465934753
42,0,0.286432147026062,-0.9094113111495972
42,1,0.286432147026062,0.8024899959564209
42,0,0.2964824140071869,-0.916864275932312
42,1,0.2964824140071869,0.8013082146644592
42,0,0.3065326511859894,-0.923729658126831
42,1,0.3065326511859894,0.8005634546279907
42,0,0.31658291816711426,-0.9300464391708374
42,1,0.31658291816711426,0.8002240061759949
42,0,0.32663315534591675,-0.935853123664856
42,1,0.32663315534591675,0.8002581596374512
42,0,0.3366834223270416,-0.9411885738372803
42,1,0.3366834223270416,0.8006343245506287
42,0,0.3467336595058441,-0.9460914134979248
42,1,0.3467336595058441,0.8013206720352173
42,0,0.356783926486969,-0.9506003856658936
42,1,0.356783926486969,0.8022856116294861
42,0,0.3668341636657715,-0.9547539949417114
42,1,0.3668341636657715,0.803497314453125
42,0,0.37688443064689636,-0.9585912227630615
42,1,0.37688443064689636,0.8049241304397583
42,0,0.38693466782569885,-0.9621507525444031
42,1,0.38693466782569885,0.8065342307090759
42,0,0.39698493480682373,-0.9654708504676819
42,1,0.39698493480682373,0.8082960844039917
42,0,0.4070351719856262,-0.9685906767845154
42,1,0.4070351719856262,0.8101779222488403
42,0,0.4170854389667511,-0.9715487360954285
42,1,0.4170854389667511,0.812147855758667
42,0,0.4271356761455536,-0.9743838906288147
42,1,0.4271356761455536,0.8141744136810303
42,0,0.43718594312667847,-0.977134644985199
42,1,0.43718594312667847,0.8162258267402649
42,0,0.44723618030548096,-0.9798397421836853
42,1,0.44723618030548096,0.8182703256607056
42,0,0.45728641748428345,-0.9825379848480225
42,1,0.45728641748428345,0.820276141166687
42,0,0.4673366844654083,-0.9852678775787354
42,1,0.4673366844654083,0.8222116827964783
42,0,0.4773869216442108,-0.9880683422088623
42,1,0.4773869216442108,0.8240451812744141
42,0,0.4874371886253357,-0.9909780025482178
42,1,0.4874371886253357,0.8257449269294739
42,0,0.4974874258041382,-0.9940352439880371
42,1,0.4974874258041382,0.8272792100906372
42,0,0.5075376629829407,-0.9972764253616333
42,1,0.5075376629829407,0.8286194801330566
42,0,0.5175879597663879,-1.0007129907608032
42,1,0.5175879597663879,0.8297652006149292
42,0,0.5276381969451904,-1.0043435096740723
42,1,0.5276381969451904,0.8307297229766846
42,0,0.5376884341239929,-1.0081669092178345
42,1,0.5376884341239929,0.8315271735191345
42,0,0.5477386713027954,-1.0121821165084839
42,1,0.5477386713027954,0.8321709632873535
42,0,0.5577889680862427,-1.0163878202438354
42,1,0.5577889680862427,0.8326749801635742
42,0,0.5678392052650452,-1.0207829475402832
42,1,0.5678392052650452,0.8330531120300293
42,0,0.5778894424438477,-1.0253660678863525
42,1,0.5778894424438477,0.8333189487457275
42,0,0.5879396796226501,-1.0301363468170166
42,1,0.5879396796226501,0.8334864377975464
42,0,0.5979899764060974,-1.0350922346115112
42,1,0.5979899764060974,0.8335691690444946
42,0,0.6080402135848999,-1.0402326583862305
42,1,0.6080402135848999,0.8335809111595154
42,0,0.6180904507637024,-1.0455565452575684
42,1,0.6180904507637024,0.8335355520248413
42,0,0.6281406879425049,-1.0510625839233398
42,1,0.6281406879425049,0.8334466218948364
42,0,0.6381909251213074,-1.0567494630813599
42,1,0.6381909251213074,0.833328127861023
42,0,0.6482412219047546,-1.0626161098480225
42,1,0.6482412219047546,0.8331936597824097
42,0,0.6582914590835571,-1.0686614513397217
42,1,0.6582914590835571,0.833057165145874
42,0,0.6683416962623596,-1.0748839378356934
42,1,0.6683416962623596,0.8329322338104248
42,0,0.6783919334411621,-1.0812827348709106
42,1,0.6783919334411621,0.8328326344490051
42,0,0.6884422302246094,-1.087856650352478
42,1,0.6884422302246094,0.8327722549438477
42,0,0.6984924674034119,-1.0946041345596313
42,1,0.6984924674034119,0.8327646851539612
42,0,0.7085427045822144,-1.101523995399475
42,1,0.7085427045822144,0.8328237533569336
42,0,0.7185929417610168,-1.108615517616272
42,1,0.7185929417610168,0.8329633474349976
42,0,0.7286432385444641,-1.1158771514892578
42,1,0.7286432385444641,0.8331969976425171
42,0,0.7386934757232666,-1.1233075857162476
42,1,0.7386934757232666,0.8335386514663696
42,0,0.7487437129020691,-1.130906105041504
42,1,0.7487437129020691,0.834001898765564
42,0,0.7587939500808716,-1.1386672258377075
42,1,0.7587939500808716,0.8345975279808044
42,0,0.7688442468643188,-1.1465644836425781
42,1,0.7688442468643188,0.8353171348571777
42,0,0.7788944840431213,-1.1545629501342773
42,1,0.7788944840431213,0.8361458778381348
42,0,0.7889447212219238,-1.1626278162002563
42,1,0.7889447212219238,0.8370686769485474
42,0,0.7989949584007263,-1.1707243919372559
42,1,0.7989949584007263,0.8380703926086426
42,0,0.8090452551841736,-1.1788181066513062
42,1,0.8090452551841736,0.8391364812850952
42,0,0.8190954923629761,-1.1868737936019897
42,1,0.8190954923629761,0.8402514457702637
42,0,0.8291457295417786,-1.194857120513916
42,1,0.8291457295417786,0.8414007425308228
42,0,0.839195966720581,-1.202733039855957
42,1,0.839195966720581,0.8425689935684204
42,0,0.8492462038993835,-1.2104666233062744
42,1,0.8492462038993835,0.8437414169311523
42,0,0.8592965006828308,-1.2180233001708984
42,1,0.8592965006828308,0.8449029922485352
42,0,0.8693467378616333,-1.2253684997558594
42,1,0.8693467378616333,0.8460386991500854
42,0,0.8793969750404358,-1.2324672937393188
42,1,0.8793969750404358,0.8471336960792542
42,0,0.8894472122192383,-1.239284873008728
42,1,0.8894472122192383,0.8481727838516235
42,0,0.8994975090026855,-1.245786428451538
42,1,0.8994975090026855,0.8491410613059998
42,0,0.909547746181488,-1.2519372701644897
42,1,0.909547746181488,0.850023627281189
42,0,0.9195979833602905,-1.2577025890350342
42,1,0.9195979833602905,0.8508052825927734
42,0,0.929648220539093,-1.263047695159912
42,1,0.929648220539093,0.8514711856842041
42,0,0.9396985173225403,-1.2679378986358643
42,1,0.9396985173225403,0.8520064353942871
42,0,0.9497487545013428,-1.2723381519317627
42,1,0.9497487545013428,0.85239577293396
42,0,0.9597989916801453,-1.2762138843536377
42,1,0.9597989916801453,0.8526244163513184
42,0,0.9698492288589478,-1.27953040599823
42,1,0.9698492288589478,0.8526773452758789
42,0,0.979899525642395,-1.2822527885437012
42,1,0.979899525642395,0.8525395393371582
42,0,0.9899497628211975,-1.2843462228775024
42,1,0.9899497628211975,0.8521960377693176
42,0,1.0,-1.2857762575149536
42,1,1.0,0.851631760597229
43,0,-1.0,2.2896616458892822
43,1,-1.0,0.5959770083427429
43,0,-0.9899497628211975,2.2851686477661133
43,1,-0.9899497628211975,0.598395824432373
43,0,-0.979899525642395,2.2796854972839355
43,1,-0.979899525642395,0.6005655527114868
43,0,-0.9698492288589478,2.2731130123138428
43,1,-0.9698492288589478,0.6024830341339111
43,0,-0.9597989916801453,2.265353202819824
43,1,-0.9597989916801453,0.6041440963745117
43,0,-0.9497487545013428,2.256308078765869
43,1,-0.9497487545013428,0.6055455803871155
43,0,-0.9396985173225403,2.245877981185913
43,1,-0.9396985173225403,0.606683611869812
43,0,-0.929648220539093,2.233964443206787
43,1,-0.929648220539093,0.6075546145439148
43,0,-0.9195979833602905,2.220470428466797
43,1,-0.9195979833602905,0.6081548929214478
43,0,-0.909547746181488,2.205296039581299
43,1,-0.909547746181488,0.6084811091423035
43,0,-0.8994975090026855,2.188342571258545
43,1,-0.8994975090026855,0.6085291504859924
43,0,-0.8894472122192383,2.1695122718811035
43,1,-0.8894472122192383,0.6082959771156311
43,0,-0.8793969750404358,2.1487064361572266
43,1,-0.8793969750404358,0.6077772974967957
43,0,-0.8693467378616333,2.125826358795166
43,1,-0.8693467378616333,0.6069697141647339
43,0,-0.8592965006828308,2.1007730960845947
43,1,-0.8592965006828308,0.6058698892593384
43,0,-0.8492462038993835,2.07344913482666
43,1,-0.8492462038993835,0.6044740676879883
43,0,-0.839195966720581,2.043755531311035
43,1,-0.839195966720581,0.602778434753418
43,0,-0.8291457295417786,2.0115931034088135
43,1,-0.8291457295417786,0.6007795333862305
43,0,-0.8190954923629761,1.976863980293274
43,1,-0.8190954923629761,0.5984734296798706
43,0,-0.8090452551841736,1.939469575881958
43,1,-0.8090452551841736,0.5958568453788757
43,0,-0.7989949584007263,1.8993107080459595
43,1,-0.7989949584007263,0.592926025390625
43,0,-0.7889447212219238,1.8562897443771362
43,1,-0.7889447212219238,0.5896772742271423
43,0,-0.7788944840431213,1.8103079795837402
43,1,-0.7788944840431213,0.5861071348190308
43,0,-0.7688442468643188,1.7612664699554443
43,1,-0.7688442468643188,0.5822117328643799
43,0,-0.7587939500808716,1.7090665102005005
43,1,-0.7587939500808716,0.577987790107727
43,0,-0.7487437129020691,1.6536107063293457
43,1,-0.7487437129020691,0.5734312534332275
43,0,-0.7386934757232666,1.5948905944824219
43,1,-0.7386934757232666,0.5685481429100037
43,0,-0.7286432385444641,1.53315007686615
43,1,-0.7286432385444641,0.5633701086044312
43,0,-0.7185929417610168,1.4686747789382935
43,1,-0.7185929417610168,0.5579333901405334
43,0,-0.7085427045822144,1.40175199508667
43,1,-0.7085427045822144,0.5522737503051758
43,0,-0.6984924674034119,1.3326679468154907
43,1,-0.6984924674034119,0.5464277267456055
43,0,-0.6884422302246094,1.2617090940475464
43,1,-0.6884422302246094,0.5404312014579773
43,0,-0.6783919334411621,1.189160704612732
43,1,-0.6783919334411621,0.5343201160430908
43,0,-0.6683416962623596,1.1153109073638916
43,1,-0.6683416962623596,0.5281310081481934
43,0,-0.6582914590835571,1.040445327758789
43,1,-0.6582914590835571,0.5218997001647949
43,0,-0.6482412219047546,0.9648500680923462
43,1,-0.6482412219047546,0.5156625509262085
43,0,-0.6381909251213074,0.8888115882873535
43,1,-0.6381909251213074,0.5094554424285889
43,0,-0.6281406879425049,0.8126170039176941
43,1,-0.6281406879425049,0.5033146142959595
43,0,-0.6180904507637024,0.7365521788597107
43,1,-0.6180904507637024,0.4972761869430542
43,0,-0.6080402135848999,0.6609036326408386
43,1,-0.6080402135848999,0.49137628078460693
43,0,-0.5979899764060974,0.5859576463699341
43,1,-0.5979899764060974,0.4856509268283844
43,0,-0.5879396796226501,0.512000322341919
43,1,-0.5879396796226501,0.48013633489608765
43,0,-0.5778894424438477,0.43931877613067627
43,1,-0.5778894424438477,0.4748685657978058
43,0,-0.5678392052650452,0.3681991994380951
43,1,-0.5678392052650452,0.4698837995529175
43,0,-0.5577889680862427,0.29892778396606445
43,1,-0.5577889680862427,0.46521812677383423
43,0,-0.5477386713027954,0.23179078102111816
43,1,-0.5477386713027954,0.4609076976776123
43,0,-0.5376884341239929,0.16707496345043182
43,1,-0.5376884341239929,0.4569885730743408
43,0,-0.5276381969451904,0.10506677627563477
43,1,-0.5276381969451904,0.4534970223903656
43,0,-0.5175879597663879,0.04605241119861603
43,1,-0.5175879597663879,0.45046886801719666
43,0,-0.5075376629829407,-0.009682074189186096
43,1,-0.5075376629829407,0.4479404389858246
43,0,-0.4974874258041382,-0.06185056269168854
43,1,-0.4974874258041382,0.4459477961063385
43,0,-0.4874371886253357,-0.11030475795269012
43,1,-0.4874371886253357,0.4445149898529053
43,0,-0.4773869216442108,-0.1551607996225357
43,1,-0.4773869216442108,0.4436429738998413
43,0,-0.4673366844654083,-0.19656497240066528
43,1,-0.4673366844654083,0.4433300793170929
43,0,-0.45728641748428345,-0.23466408252716064
43,1,-0.45728641748428345,0.4435746967792511
43,0,-0.44723618030548096,-0.26960450410842896
43,1,-0.44723618030548096,0.44437524676322937
43,0,-0.43718594312667847,-0.30153289437294006
43,1,-0.43718594312667847,0.4457297921180725
43,0,-0.4271356761455536,-0.33059579133987427
43,1,-0.4271356761455536,0.4476369023323059
43,0,-0.4170854389667511,-0.35693973302841187
43,1,-0.4170854389667511,0.4500947594642639
43,0,-0.4070351719856262,-0.3807113766670227
43,1,-0.4070351719856262,0.4531019330024719
43,0,-0.39698493480682373,-0.40205714106559753
43,1,-0.39698493480682373,0.45665642619132996
43,0,-0.38693466782569885,-0.4211236834526062
43,1,-0.38693466782569885,0.4607568085193634
43,0,-0.37688443064689636,-0.43805745244026184
43,1,-0.37688443064689636,0.4654013514518738
43,0,-0.3668341636657715,-0.4530050754547119
43,1,-0.3668341636657715,0.47058844566345215
43,0,-0.356783926486969,-0.4661131501197815
43,1,-0.356783926486969,0.47631627321243286
43,0,-0.3467336595058441,-0.47752809524536133
43,1,-0.3467336595058441,0.482583224773407
43,0,-0.3366834223270416,-0.48739659786224365
43,1,-0.3366834223270416,0.4893876910209656
43,0,-0.32663315534591675,-0.49586522579193115
43,1,-0.32663315534591675,0.4967280626296997
43,0,-0.31658291816711426,-0.5030804872512817
43,1,-0.31658291816711426,0.5046025514602661
43,0,-0.3065326511859894,-0.5091888904571533
43,1,-0.3065326511859894,0.5130094885826111
43,0,-0.2964824140071869,-0.5143370032310486
43,1,-0.2964824140071869,0.5219472646713257
43,0,-0.286432147026062,-0.5186715126037598
43,1,-0.286432147026062,0.5314141511917114
43,0,-0.2763819098472595,-0.5223387479782104
43,1,-0.2763819098472595,0.5414085984230042
43,0,-0.26633167266845703,-0.5254855155944824
43,1,-0.26633167266845703,0.5519288778305054
43,0,-0.25628140568733215,-0.5282582640647888
43,1,-0.25628140568733215,0.5629732608795166
43,0,-0.24623115360736847,-0.5308026075363159
43,1,-0.24623115360736847,0.5745396614074707
43,0,-0.23618090152740479,-0.5332211256027222
43,1,-0.23618090152740479,0.5866016149520874
43,0,-0.2261306494474411,-0.535556972026825
43,1,-0.2261306494474411,0.5990990996360779
43,0,-0.21608039736747742,-0.537848949432373
43,1,-0.21608039736747742,0.6119701266288757
43,0,-0.20603014528751373,-0.5401355624198914
43,1,-0.20603014528751373,0.6251519322395325
43,0,-0.19597989320755005,-0.5424557328224182
43,1,-0.19597989320755005,0.6385822892189026
43,0,-0.18592964112758636,-0.5448480844497681
43,1,-0.18592964112758636,0.6521987915039062
43,0,-0.17587940394878387,-0.5473512411117554
43,1,-0.17587940394878387,0.6659390330314636
43,0,-0.1658291518688202,-0.5500039458274841
43,1,-0.1658291518688202,0.6797407865524292
43,0,-0.1557788997888565,-0.5528448820114136
43,1,-0.1557788997888565,0.693541407585144
43,0,-0.14572864770889282,-0.5559128522872925
43,1,-0.14572864770889282,0.7072787880897522
43,0,-0.13567839562892914,-0.5592464208602905
43,1,-0.13567839562892914,0.7208903431892395
43,0,-0.12562814354896545,-0.5628844499588013
43,1,-0.12562814354896545,0.7343137264251709
43,0,-0.11557789146900177,-0.5668655037879944
43,1,-0.11557789146900177,0.7474868297576904
43,0,-0.10552763938903809,-0.5712283253669739
43,1,-0.10552763938903809,0.7603468894958496
43,0,-0.0954773873090744,-0.576011598110199
43,1,-0.0954773873090744,0.7728316187858582
43,0,-0.08542713522911072,-0.5812541842460632
43,1,-0.08542713522911072,0.7848788499832153
43,0,-0.07537688314914703,-0.5869945287704468
43,1,-0.07537688314914703,0.7964259386062622
43,0,-0.06532663106918335,-0.5932714939117432
43,1,-0.06532663106918335,0.807410717010498
43,0,-0.055276382714509964,-0.6001237034797668
43,1,-0.055276382714509964,0.8177706003189087
43,0,-0.04522613063454628,-0.6075899600982666
43,1,-0.04522613063454628,0.8274433612823486
43,0,-0.035175878554582596,-0.6157088875770569
43,1,-0.035175878554582596,0.8363667130470276
43,0,-0.02512562833726406,-0.6245191693305969
43,1,-0.02512562833726406,0.8444778323173523
43,0,-0.015075377188622952,-0.6340596675872803
43,1,-0.015075377188622952,0.8517148494720459
43,0,-0.005025125574320555,-0.6443688869476318
43,1,-0.005025125574320555,0.8580152988433838
43,0,0.005025125574320555,-0.6554831266403198
43,1,0.005025125574320555,0.8633189797401428
43,0,0.015075377188622952,-0.667383074760437
43,1,0.015075377188622952,0.8676242828369141
43,0,0.02512562833726406,-0.6799930930137634
43,1,0.02512562833726406,0.8709871172904968
43,0,0.035175878554582596,-0.6932356953620911
43,1,0.035175878554582596,0.8734661340713501
43,0,0.04522613063454628,-0.7070329189300537
43,1,0.04522613063454628,0.875119686126709
43,0,0.055276382714509964,-0.7213071584701538
43,1,0.055276382714509964,0.8760066628456116
43,0,0.06532663106918335,-0.7359804511070251
43,1,0.06532663106918335,0.8761850595474243
43,0,0.07537688314914703,-0.7509753704071045
43,1,0.07537688314914703,0.8757140636444092
43,0,0.08542713522911072,-0.7662138938903809
43,1,0.08542713522911072,0.8746519088745117
43,0,0.0954773873090744,-0.7816184163093567
43,1,0.0954773873090744,0.8730570077896118
43,0,0.10552763938903809,-0.7971110939979553
43,1,0.10552763938903809,0.8709882497787476
43,0,0.11557789146900177,-0.8126141428947449
43,1,0.11557789146900177,0.8685039281845093
43,0,0.12562814354896545,-0.828049898147583
43,1,0.12562814354896545,0.8656626343727112
43,0,0.13567839562892914,-0.8433404564857483
43,1,0.13567839562892914,0.8625227808952332
43,0,0.14572864770889282,-0.8584084510803223
43,1,0.14572864770889282,0.8591433763504028
43,0,0.1557788997888565,-0.8731755614280701
43,1,0.1557788997888565,0.8555825352668762
43,0,0.1658291518688202,-0.887564480304718
43,1,0.1658291518688202,0.8518990278244019
43,0,0.17587940394878387,-0.9014972448348999
43,1,0.17587940394878387,0.8481512069702148
43,0,0.18592964112758636,-0.9148960709571838
43,1,0.18592964112758636,0.8443976640701294
43,0,0.19597989320755005,-0.927683413028717
43,1,0.19597989320755005,0.840697169303894
43,0,0.20603014528751373,-0.9397814273834229
43,1,0.20603014528751373,0.8371081352233887
43,0,0.21608039736747742,-0.9511122107505798
43,1,0.21608039736747742,0.8336890935897827
43,0,0.2261306494474411,-0.9615981578826904
43,1,0.2261306494474411,0.8304985165596008
43,0,0.23618090152740479,-0.9711613655090332
43,1,0.23618090152740479,0.8275951147079468
43,0,0.24623115360736847,-0.9797242283821106
43,1,0.24623115360736847,0.8250373601913452
43,0,0.25628140568733215,-0.9872152805328369
43,1,0.25628140568733215,0.8228802680969238
43,0,0.26633167266845703,-0.9936497211456299
43,1,0.26633167266845703,0.8211334943771362
43,0,0.2763819098472595,-0.9991050362586975
43,1,0.2763819098472595,0.8197736740112305
43,0,0.286432147026062,-1.0036603212356567
43,1,0.286432147026062,0.8187764883041382
43,0,0.2964824140071869,-1.0073943138122559
43,1,0.2964824140071869,0.8181177973747253
43,0,0.3065326511859894,-1.0103862285614014
43,1,0.3065326511859894,0.8177732825279236
43,0,0.31658291816711426,-1.0127145051956177
43,1,0.31658291816711426,0.8177188634872437
43,0,0.32663315534591675,-1.0144582986831665
43,1,0.32663315534591675,0.8179302215576172
43,0,0.3366834223270416,-1.0156967639923096
43,1,0.3366834223270416,0.8183833956718445
43,0,0.3467336595058441,-1.0165084600448608
43,1,0.3467336595058441,0.8190540671348572
43,0,0.356783926486969,-1.016972541809082
43,1,0.356783926486969,0.8199180364608765
43,0,0.3668341636657715,-1.0171676874160767
43,1,0.3668341636657715,0.8209511041641235
43,0,0.37688443064689636,-1.017173171043396
43,1,0.37688443064689636,0.8221291303634644
43,0,0.38693466782569885,-1.0170676708221436
43,1,0.38693466782569885,0.8234277963638306
43,0,0.39698493480682373,-1.016930103302002
43,1,0.39698493480682373,0.8248231410980225
43,0,0.4070351719856262,-1.0168393850326538
43,1,0.4070351719856262,0.8262907266616821
43,0,0.4170854389667511,-1.0168744325637817
43,1,0.4170854389667511,0.8278064131736755
43,0,0.4271356761455536,-1.0171144008636475
43,1,0.4271356761455536,0.829346239566803
43,0,0.43718594312667847,-1.017637848854065
43,1,0.43718594312667847,0.8308857679367065
43,0,0.44723618030548096,-1.0185240507125854
43,1,0.44723618030548096,0.832400918006897
43,0,0.45728641748428345,-1.0198516845703125
43,1,0.45728641748428345,0.8338674306869507
43,0,0.4673366844654083,-1.0216996669769287
43,1,0.4673366844654083,0.8352611064910889
43,0,0.4773869216442108,-1.0241470336914062
43,1,0.4773869216442108,0.8365578651428223
43,0,0.4874371886253357,-1.0272725820541382
43,1,0.4874371886253357,0.8377334475517273
43,0,0.4974874258041382,-1.0311554670333862
43,1,0.4974874258041382,0.8387635946273804
43,0,0.5075376629829407,-1.0358648300170898
43,1,0.5075376629829407,0.8396270275115967
43,0,0.5175879597663879,-1.0413869619369507
43,1,0.5175879597663879,0.8403266668319702
43,0,0.5276381969451904,-1.0476652383804321
43,1,0.5276381969451904,0.840877890586853
43,0,0.5376884341239929,-1.0546420812606812
43,1,0.5376884341239929,0.8412961959838867
43,0,0.5477386713027954,-1.0622615814208984
43,1,0.5477386713027954,0.8415971994400024
43,0,0.5577889680862427,-1.0704655647277832
43,1,0.5577889680862427,0.841796338558197
43,0,0.5678392052650452,-1.079197645187378
43,1,0.5678392052650452,0.8419092893600464
43,0,0.5778894424438477,-1.0884008407592773
43,1,0.5778894424438477,0.8419514894485474
43,0,0.5879396796226501,-1.0980178117752075
43,1,0.5879396796226501,0.8419385552406311
43,0,0.5979899764060974,-1.1079916954040527
43,1,0.5979899764060974,0.841886043548584
43,0,0.6080402135848999,-1.1182655096054077
43,1,0.6080402135848999,0.8418093919754028
43,0,0.6180904507637024,-1.128782033920288
43,1,0.6180904507637024,0.841724157333374
43,0,0.6281406879425049,-1.1394846439361572
43,1,0.6281406879425049,0.8416459560394287
43,0,0.6381909251213074,-1.1503161191940308
43,1,0.6381909251213074,0.8415902853012085
43,0,0.6482412219047546,-1.1612192392349243
43,1,0.6482412219047546,0.8415727019309998
43,0,0.6582914590835571,-1.1721372604370117
43,1,0.6582914590835571,0.8416087031364441
43,0,0.6683416962623596,-1.1830129623413086
43,1,0.6683416962623596,0.8417139053344727
43,0,0.6783919334411621,-1.1937894821166992
43,1,0.6783919334411621,0.8419036865234375
43,0,0.6884422302246094,-1.2044099569320679
43,1,0.6884422302246094,0.8421938419342041
43,0,0.6984924674034119,-1.2148168087005615
43,1,0.6984924674034119,0.8425996899604797
43,0,0.7085427045822144,-1.224953532218933
43,1,0.7085427045822144,0.8431369066238403
43,0,0.7185929417610168,-1.2347630262374878
43,1,0.7185929417610168,0.8438209295272827
43,0,0.7286432385444641,-1.2441879510879517
43,1,0.7286432385444641,0.8446673154830933
43,0,0.7386934757232666,-1.253171682357788
43,1,0.7386934757232666,0.8456916809082031
43,0,0.7487437129020691,-1.2616568803787231
43,1,0.7487437129020691,0.8469095230102539
43,0,0.7587939500808716,-1.269595742225647
43,1,0.7587939500808716,0.8483318090438843
43,0,0.7688442468643188,-1.2769927978515625
43,1,0.7688442468643188,0.8499430418014526
43,0,0.7788944840431213,-1.2838712930679321
43,1,0.7788944840431213,0.8517178297042847
43,0,0.7889447212219238,-1.2902545928955078
43,1,0.7889447212219238,0.8536309599876404
43,0,0.7989949584007263,-1.2961666584014893
43,1,0.7989949584007263,0.8556572198867798
43,0,0.8090452551841736,-1.3016307353973389
43,1,0.8090452551841736,0.8577715158462524
43,0,0.8190954923629761,-1.306670069694519
43,1,0.8190954923629761,0.8599483370780945
43,0,0.8291457295417786,-1.3113088607788086
43,1,0.8291457295417786,0.8621625900268555
43,0,0.839195966720581,-1.3155697584152222
43,1,0.839195966720581,0.8643890619277954
43,0,0.8492462038993835,-1.31947660446167
43,1,0.8492462038993835,0.86660236120224
43,0,0.8592965006828308,-1.3230531215667725
43,1,0.8592965006828308,0.8687773942947388
43,0,0.8693467378616333,-1.3263224363327026
43,1,0.8693467378616333,0.8708888292312622
43,0,0.8793969750404358,-1.329308271408081
43,1,0.8793969750404358,0.8729115724563599
43,0,0.8894472122192383,-1.3320342302322388
43,1,0.8894472122192383,0.8748201131820679
43,0,0.8994975090026855,-1.3345232009887695
43,1,0.8994975090026855,0.8765894174575806
43,0,0.909547746181488,-1.3367995023727417
43,1,0.909547746181488,0.8781942129135132
43,0,0.9195979833602905,-1.3388859033584595
43,1,0.9195979833602905,0.8796091079711914
43,0,0.929648220539093,-1.340806484222412
43,1,0.929648220539093,0.8808091878890991
43,0,0.9396985173225403,-1.3425847291946411
43,1,0.9396985173225403,0.8817688226699829
43,0,0.9497487545013428,-1.3442434072494507
43,1,0.9497487545013428,0.8824630379676819
43,0,0.9597989916801453,-1.34580659866333
43,1,0.9597989916801453,0.8828665018081665
43,0,0.9698492288589478,-1.3472977876663208
43,1,0.9698492288589478,0.8829538226127625
43,0,0.979899525642395,-1.3487403392791748
43,1,0.979899525642395,0.8827000856399536
43,0,0.9899497628211975,-1.3501577377319336
43,1,0.9899497628211975,0.8820797801017761
43,0,1.0,-1.3515735864639282
43,1,1.0,0.8810677528381348
44,0,-1.0,2.265951156616211
44,1,-1.0,0.49571090936660767
44,0,-0.9899497628211975,2.258432149887085
44,1,-0.9899497628211975,0.502794086933136
44,0,-0.979899525642395,2.2507026195526123
44,1,-0.979899525642395,0.5089766383171082
44,0,-0.9698492288589478,2.2426204681396484
44,1,-0.9698492288589478,0.5142877697944641
44,0,-0.9597989916801453,2.234044313430786
44,1,-0.9597989916801453,0.5187570452690125
44,0,-0.9497487545013428,2.2248313426971436
44,1,-0.9497487545013428,0.5224139094352722
44,0,-0.9396985173225403,2.2148385047912598
44,1,-0.9396985173225403,0.5252880454063416
44,0,-0.929648220539093,2.2039246559143066
44,1,-0.929648220539093,0.5274088978767395
44,0,-0.9195979833602905,2.1919467449188232
44,1,-0.9195979833602905,0.5288057923316956
44,0,-0.909547746181488,2.1787636280059814
44,1,-0.909547746181488,0.5295085310935974
44,0,-0.8994975090026855,2.164231300354004
44,1,-0.8994975090026855,0.529546320438385
44,0,-0.8894472122192383,2.1482088565826416
44,1,-0.8894472122192383,0.5289489030838013
44,0,-0.8793969750404358,2.1305530071258545
44,1,-0.8793969750404358,0.5277454853057861
44,0,-0.8693467378616333,2.1111221313476562
44,1,-0.8693467378616333,0.5259656310081482
44,0,-0.8592965006828308,2.089773416519165
44,1,-0.8592965006828308,0.523638904094696
44,0,-0.8492462038993835,2.0663652420043945
44,1,-0.8492462038993835,0.5207949876785278
44,0,-0.839195966720581,2.040755033493042
44,1,-0.839195966720581,0.5174630880355835
44,0,-0.8291457295417786,2.012800455093384
44,1,-0.8291457295417786,0.5136727094650269
44,0,-0.8190954923629761,1.9823585748672485
44,1,-0.8190954923629761,0.5094533562660217
44,0,-0.8090452551841736,1.949288249015808
44,1,-0.8090452551841736,0.5048348903656006
44,0,-0.7989949584007263,1.913446068763733
44,1,-0.7989949584007263,0.49984636902809143
44,0,-0.7889447212219238,1.8746906518936157
44,1,-0.7889447212219238,0.49451735615730286
44,0,-0.7788944840431213,1.832879662513733
44,1,-0.7788944840431213,0.48887762427330017
44,0,-0.7688442468643188,1.7878702878952026
44,1,-0.7688442468643188,0.4829562306404114
44,0,-0.7587939500808716,1.7395200729370117
44,1,-0.7587939500808716,0.47678306698799133
44,0,-0.7487437129020691,1.6876875162124634
44,1,-0.7487437129020691,0.4703874886035919
44,0,-0.7386934757232666,1.632334589958191
44,1,-0.7386934757232666,0.4638001620769501
44,0,-0.7286432385444641,1.57371187210083
44,1,-0.7286432385444641,0.4570554792881012
44,0,-0.7185929417610168,1.5121190547943115
44,1,-0.7185929417610168,0.4501881003379822
44,0,-0.7085427045822144,1.4478561878204346
44,1,-0.7085427045822144,0.443232923746109
44,0,-0.6984924674034119,1.381223201751709
44,1,-0.6984924674034119,0.4362248480319977
44,0,-0.6884422302246094,1.3125203847885132
44,1,-0.6884422302246094,0.4291987717151642
44,0,-0.6783919334411621,1.2420464754104614
44,1,-0.6783919334411621,0.42218905687332153
44,0,-0.6683416962623596,1.170102834701538
44,1,-0.6683416962623596,0.41523104906082153
44,0,-0.6582914590835571,1.0969886779785156
44,1,-0.6582914590835571,0.4083593189716339
44,0,-0.6482412219047546,1.0230040550231934
44,1,-0.6482412219047546,0.40160879492759705
44,0,-0.6381909251213074,0.9484482407569885
44,1,-0.6381909251213074,0.3950144052505493
44,0,-0.6281406879425049,0.8736221194267273
44,1,-0.6281406879425049,0.38861072063446045
44,0,-0.6180904507637024,0.798825204372406
44,1,-0.6180904507637024,0.382432758808136
44,0,-0.6080402135848999,0.7243576049804688
44,1,-0.6080402135848999,0.37651529908180237
44,0,-0.5979899764060974,0.6505188941955566
44,1,-0.5979899764060974,0.37089309096336365
44,0,-0.5879396796226501,0.5776087641716003
44,1,-0.5879396796226501,0.3656010031700134
44,0,-0.5778894424438477,0.5059278607368469
44,1,-0.5778894424438477,0.3606739044189453
44,0,-0.5678392052650452,0.4357757270336151
44,1,-0.5678392052650452,0.3561466932296753
44,0,-0.5577889680862427,0.3674522638320923
44,1,-0.5577889680862427,0.35205408930778503
44,0,-0.5477386713027954,0.3012572228908539
44,1,-0.5477386713027954,0.348430871963501
44,0,-0.5376884341239929,0.23749090731143951
44,1,-0.5376884341239929,0.34531205892562866
44,0,-0.5276381969451904,0.176453098654747
44,1,-0.5276381969451904,0.342732310295105
44,0,-0.5175879597663879,0.11844363808631897
44,1,-0.5175879597663879,0.34072643518447876
44,0,-0.5075376629829407,0.06376208364963531
44,1,-0.5075376629829407,0.3393293619155884
44,0,-0.4974874258041382,0.012707918882369995
44,1,-0.4974874258041382,0.3385757803916931
44,0,-0.4874371886253357,-0.034563660621643066
44,1,-0.4874371886253357,0.3384876251220703
44,0,-0.4773869216442108,-0.07817529886960983
44,1,-0.4773869216442108,0.33906179666519165
44,0,-0.4673366844654083,-0.11828098446130753
44,1,-0.4673366844654083,0.34029245376586914
44,0,-0.45728641748428345,-0.15503542125225067
44,1,-0.45728641748428345,0.34217369556427
44,0,-0.44723618030548096,-0.18859276175498962
44,1,-0.44723618030548096,0.3446996808052063
44,0,-0.43718594312667847,-0.2191074937582016
44,1,-0.43718594312667847,0.34786444902420044
44,0,-0.4271356761455536,-0.24673408269882202
44,1,-0.4271356761455536,0.35166215896606445
44,0,-0.4170854389667511,-0.2716267704963684
44,1,-0.4170854389667511,0.3560868501663208
44,0,-0.4070351719856262,-0.29394006729125977
44,1,-0.4070351719856262,0.3611328601837158
44,0,-0.39698493480682373,-0.3138282299041748
44,1,-0.39698493480682373,0.3667941093444824
44,0,-0.38693466782569885,-0.33144575357437134
44,1,-0.38693466782569885,0.37306469678878784
44,0,-0.37688443064689636,-0.34694695472717285
44,1,-0.37688443064689636,0.37993884086608887
44,0,-0.3668341636657715,-0.36048623919487
44,1,-0.3668341636657715,0.3874105215072632
44,0,-0.356783926486969,-0.37221795320510864
44,1,-0.356783926486969,0.39547401666641235
44,0,-0.3467336595058441,-0.3822965621948242
44,1,-0.3467336595058441,0.40412333607673645
44,0,-0.3366834223270416,-0.3908764123916626
44,1,-0.3366834223270416,0.4133526682853699
44,0,-0.32663315534591675,-0.39811185002326965
44,1,-0.32663315534591675,0.4231559932231903
44,0,-0.31658291816711426,-0.4041573405265808
44,1,-0.31658291816711426,0.4335275888442993
44,0,-0.3065326511859894,-0.40916717052459717
44,1,-0.3065326511859894,0.44446149468421936
44,0,-0.2964824140071869,-0.41329580545425415
44,1,-0.2964824140071869,0.4559517800807953
44,0,-0.286432147026062,-0.41669753193855286
44,1,-0.286432147026062,0.4679926335811615
44,0,-0.2763819098472595,-0.4195268750190735
44,1,-0.2763819098472595,0.48057821393013
44,0,-0.26633167266845703,-0.42193812131881714
44,1,-0.26633167266845703,0.49370235204696655
44,0,-0.25628140568733215,-0.42408570647239685
44,1,-0.25628140568733215,0.5073596239089966
44,0,-0.24623115360736847,-0.4261229336261749
44,1,-0.24623115360736847,0.5215433835983276
44,0,-0.23618090152740479,-0.4281555414199829
44,1,-0.23618090152740479,0.5362272262573242
44,0,-0.2261306494474411,-0.4302230477333069
44,1,-0.2261306494474411,0.5513570308685303
44,0,-0.21608039736747742,-0.4323604106903076
44,1,-0.21608039736747742,0.5668764114379883
44,0,-0.20603014528751373,-0.434602290391922
44,1,-0.20603014528751373,0.582729160785675
44,0,-0.19597989320755005,-0.43698346614837646
44,1,-0.19597989320755005,0.5988588929176331
44,0,-0.18592964112758636,-0.4395386874675751
44,1,-0.18592964112758636,0.6152094006538391
44,0,-0.17587940394878387,-0.44230279326438904
44,1,-0.17587940394878387,0.6317242980003357
44,0,-0.1658291518688202,-0.4453105330467224
44,1,-0.1658291518688202,0.6483474373817444
44,0,-0.1557788997888565,-0.44859665632247925
44,1,-0.1557788997888565,0.6650222539901733
44,0,-0.14572864770889282,-0.452195942401886
44,1,-0.14572864770889282,0.6816927194595337
44,0,-0.13567839562892914,-0.4561430513858795
44,1,-0.13567839562892914,0.6983022689819336
44,0,-0.12562814354896545,-0.4604730010032654
44,1,-0.12562814354896545,0.7147949934005737
44,0,-0.11557789146900177,-0.4652203917503357
44,1,-0.11557789146900177,0.7311143279075623
44,0,-0.10552763938903809,-0.4704199731349945
44,1,-0.10552763938903809,0.7472039461135864
44,0,-0.0954773873090744,-0.47610658407211304
44,1,-0.0954773873090744,0.763007640838623
44,0,-0.08542713522911072,-0.4823150336742401
44,1,-0.08542713522911072,0.7784692049026489
44,0,-0.07537688314914703,-0.4890799820423126
44,1,-0.07537688314914703,0.793532133102417
44,0,-0.06532663106918335,-0.4964362680912018
44,1,-0.06532663106918335,0.8081402778625488
44,0,-0.055276382714509964,-0.504418671131134
44,1,-0.055276382714509964,0.8222372531890869
44,0,-0.04522613063454628,-0.5130618810653687
44,1,-0.04522613063454628,0.8357667922973633
44,0,-0.035175878554582596,-0.5224007368087769
44,1,-0.035175878554582596,0.8486726880073547
44,0,-0.02512562833726406,-0.5324699878692627
44,1,-0.02512562833726406,0.8608985543251038
44,0,-0.015075377188622952,-0.5433043837547302
44,1,-0.015075377188622952,0.8723881244659424
44,0,-0.005025125574320555,-0.554938793182373
44,1,-0.005025125574320555,0.8830850124359131
44,0,0.005025125574320555,-0.5674055218696594
44,1,0.005025125574320555,0.8929349780082703
44,0,0.015075377188622952,-0.5806823968887329
44,1,0.015075377188622952,0.9019286632537842
44,0,0.02512562833726406,-0.5946924090385437
44,1,0.02512562833726406,0.9101017117500305
44,0,0.035175878554582596,-0.6093564033508301
44,1,0.035175878554582596,0.9174917340278625
44,0,0.04522613063454628,-0.6245951056480408
44,1,0.04522613063454628,0.9241362810134888
44,0,0.055276382714509964,-0.6403293609619141
44,1,0.055276382714509964,0.930073082447052
44,0,0.06532663106918335,-0.6564796566963196
44,1,0.06532663106918335,0.9353393912315369
44,0,0.07537688314914703,-0.6729670763015747
44,1,0.07537688314914703,0.9399731159210205
44,0,0.08542713522911072,-0.6897120475769043
44,1,0.08542713522911072,0.9440119862556458
44,0,0.0954773873090744,-0.7066355347633362
44,1,0.0954773873090744,0.9474932551383972
44,0,0.10552763938903809,-0.7236582040786743
44,1,0.10552763938903809,0.9504547715187073
44,0,0.11557789146900177,-0.7407007813453674
44,1,0.11557789146900177,0.9529339075088501
44,0,0.12562814354896545,-0.757684051990509
44,1,0.12562814354896545,0.9549684524536133
44,0,0.13567839562892914,-0.7745286822319031
44,1,0.13567839562892914,0.9565958976745605
44,0,0.14572864770889282,-0.7911557555198669
44,1,0.14572864770889282,0.9578540325164795
44,0,0.1557788997888565,-0.8074855208396912
44,1,0.1557788997888565,0.9587801694869995
44,0,0.1658291518688202,-0.8234390616416931
44,1,0.1658291518688202,0.959412157535553
44,0,0.17587940394878387,-0.838936984539032
44,1,0.17587940394878387,0.9597875475883484
44,0,0.18592964112758636,-0.8538999557495117
44,1,0.18592964112758636,0.9599437713623047
44,0,0.19597989320755005,-0.8682489991188049
44,1,0.19597989320755005,0.9599185585975647
44,0,0.20603014528751373,-0.8819046020507812
44,1,0.20603014528751373,0.9597495198249817
44,0,0.21608039736747742,-0.8947876691818237
44,1,0.21608039736747742,0.9594742655754089
44,0,0.2261306494474411,-0.9068188667297363
44,1,0.2261306494474411,0.9591302871704102
44,0,0.23618090152740479,-0.9179190993309021
44,1,0.23618090152740479,0.9587554931640625
44,0,0.24623115360736847,-0.9280087947845459
44,1,0.24623115360736847,0.9583871364593506
44,0,0.25628140568733215,-0.9370149374008179
44,1,0.25628140568733215,0.9580609798431396
44,0,0.26633167266845703,-0.9449460506439209
44,1,0.26633167266845703,0.9577910900115967
44,0,0.2763819098472595,-0.9518698453903198
44,1,0.2763819098472595,0.9575741291046143
44,0,0.286432147026062,-0.9578548669815063
44,1,0.286432147026062,0.9574071168899536
44,0,0.2964824140071869,-0.962970495223999
44,1,0.2964824140071869,0.9572869539260864
44,0,0.3065326511859894,-0.9672852754592896
44,1,0.3065326511859894,0.9572104215621948
44,0,0.31658291816711426,-0.9708682298660278
44,1,0.31658291816711426,0.9571743011474609
44,0,0.32663315534591675,-0.9737880825996399
44,1,0.32663315534591675,0.9571754932403564
44,0,0.3366834223270416,-0.9761136174201965
44,1,0.3366834223270416,0.9572107791900635
44,0,0.3467336595058441,-0.9779139161109924
44,1,0.3467336595058441,0.9572769403457642
44,0,0.356783926486969,-0.9792578816413879
44,1,0.356783926486969,0.9573710560798645
44,0,0.3668341636657715,-0.9802141785621643
44,1,0.3668341636657715,0.9574896693229675
44,0,0.37688443064689636,-0.9808518290519714
44,1,0.37688443064689636,0.9576298594474792
44,0,0.38693466782569885,-0.9812396168708801
44,1,0.38693466782569885,0.9577882289886475
44,0,0.39698493480682373,-0.9814464449882507
44,1,0.39698493480682373,0.9579617977142334
44,0,0.4070351719856262,-0.9815413355827332
44,1,0.4070351719856262,0.9581472873687744
44,0,0.4170854389667511,-0.9815927147865295
44,1,0.4170854389667511,0.9583415389060974
44,0,0.4271356761455536,-0.9816702604293823
44,1,0.4271356761455536,0.9585415720939636
44,0,0.43718594312667847,-0.981842041015625
44,1,0.43718594312667847,0.9587439298629761
44,0,0.44723618030548096,-0.9821772575378418
44,1,0.44723618030548096,0.9589457511901855
44,0,0.45728641748428345,-0.9827449321746826
44,1,0.45728641748428345,0.9591435790061951
44,0,0.4673366844654083,-0.9836137294769287
44,1,0.4673366844654083,0.9593343734741211
44,0,0.4773869216442108,-0.9848523139953613
44,1,0.4773869216442108,0.9595150947570801
44,0,0.4874371886253357,-0.986530065536499
44,1,0.4874371886253357,0.9596823453903198
44,0,0.4974874258041382,-0.9887155294418335
44,1,0.4974874258041382,0.9598330855369568
44,0,0.5075376629829407,-0.9914700984954834
44,1,0.5075376629829407,0.9599645733833313
44,0,0.5175879597663879,-0.9947906732559204
44,1,0.5175879597663879,0.9600765705108643
44,0,0.5276381969451904,-0.9986399412155151
44,1,0.5276381969451904,0.960170567035675
44,0,0.5376884341239929,-1.0029807090759277
44,1,0.5376884341239929,0.9602479338645935
44,0,0.5477386713027954,-1.0077762603759766
44,1,0.5477386713027954,0.960310161113739
44,0,0.5577889680862427,-1.0129889249801636
44,1,0.5577889680862427,0.9603585004806519
44,0,0.5678392052650452,-1.0185818672180176
44,1,0.5678392052650452,0.9603943824768066
44,0,0.5778894424438477,-1.0245177745819092
44,1,0.5778894424438477,0.9604192972183228
44,0,0.5879396796226501,-1.030759572982788
44,1,0.5879396796226501,0.9604346752166748
44,0,0.5979899764060974,-1.0372700691223145
44,1,0.5979899764060974,0.9604418277740479
44,0,0.6080402135848999,-1.0440119504928589
44,1,0.6080402135848999,0.9604421854019165
44,0,0.6180904507637024,-1.0509483814239502
44,1,0.6180904507637024,0.9604370594024658
44,0,0.6281406879425049,-1.0580418109893799
44,1,0.6281406879425049,0.96042799949646
44,0,0.6381909251213074,-1.0652554035186768
44,1,0.6381909251213074,0.9604164361953735
44,0,0.6482412219047546,-1.0725517272949219
44,1,0.6482412219047546,0.9604034423828125
44,0,0.6582914590835571,-1.079893708229065
44,1,0.6582914590835571,0.9603909254074097
44,0,0.6683416962623596,-1.0872441530227661
44,1,0.6683416962623596,0.9603798985481262
44,0,0.6783919334411621,-1.0945661067962646
44,1,0.6783919334411621,0.9603719115257263
44,0,0.6884422302246094,-1.1018223762512207
44,1,0.6884422302246094,0.9603683948516846
44,0,0.6984924674034119,-1.1089754104614258
44,1,0.6984924674034119,0.960370659828186
44,0,0.7085427045822144,-1.1159882545471191
44,1,0.7085427045822144,0.9603801965713501
44,0,0.7185929417610168,-1.1228240728378296
44,1,0.7185929417610168,0.960398256778717
44,0,0.7286432385444641,-1.1294450759887695
44,1,0.7286432385444641,0.9604264497756958
44,0,0.7386934757232666,-1.1358145475387573
44,1,0.7386934757232666,0.9604660272598267
44,0,0.7487437129020691,-1.1418952941894531
44,1,0.7487437129020691,0.960518479347229
44,0,0.7587939500808716,-1.1476558446884155
44,1,0.7587939500808716,0.9605847597122192
44,0,0.7688442468643188,-1.1531002521514893
44,1,0.7688442468643188,0.9606633186340332
44,0,0.7788944840431213,-1.1582444906234741
44,1,0.7788944840431213,0.960752010345459
44,0,0.7889447212219238,-1.1631046533584595
44,1,0.7889447212219238,0.9608482122421265
44,0,0.7989949584007263,-1.1676973104476929
44,1,0.7989949584007263,0.9609498977661133
44,0,0.8090452551841736,-1.1720389127731323
44,1,0.8090452551841736,0.9610546231269836
44,0,0.8190954923629761,-1.1761449575424194
44,1,0.8190954923629761,0.9611599445343018
44,0,0.8291457295417786,-1.1800323724746704
44,1,0.8291457295417786,0.9612635970115662
44,0,0.839195966720581,-1.1837172508239746
44,1,0.839195966720581,0.9613631963729858
44,0,0.8492462038993835,-1.1872153282165527
44,1,0.8492462038993835,0.9614564180374146
44,0,0.8592965006828308,-1.1905438899993896
44,1,0.8592965006828308,0.961540937423706
44,0,0.8693467378616333,-1.193718671798706
44,1,0.8693467378616333,0.9616143703460693
44,0,0.8793969750404358,-1.1967554092407227
44,1,0.8793969750404358,0.9616744518280029
44,0,0.8894472122192383,-1.1996715068817139
44,1,0.8894472122192383,0.9617187976837158
44,0,0.8994975090026855,-1.2024822235107422
44,1,0.8994975090026855,0.961745023727417
44,0,0.909547746181488,-1.2052040100097656
44,1,0.909547746181488,0.961750864982605
44,0,0.9195979833602905,-1.2078535556793213
44,1,0.9195979833602905,0.9617338180541992
44,0,0.929648220539093,-1.2104467153549194
44,1,0.929648220539093,0.9616917371749878
44,0,0.9396985173225403,-1.2130000591278076
44,1,0.9396985173225403,0.9616222381591797
44,0,0.9497487545013428,-1.2155295610427856
44,1,0.9497487545013428,0.9615229368209839
44,0,0.9597989916801453,-1.218051552772522
44,1,0.9597989916801453,0.9613914489746094
44,0,0.9698492288589478,-1.2205824851989746
44,1,0.9698492288589478,0.9612255692481995
44,0,0.979899525642395,-1.223138451576233
44,1,0.979899525642395,0.9610227942466736
44,0,0.9899497628211975,-1.2257355451583862
44,1,0.9899497628211975,0.9607808589935303
44,0,1.0,-1.2283904552459717
44,1,1.0,0.9604974389076233
45,0,-1.0,2.3259057998657227
45,1,-1.0,0.7284672856330872
45,0,-0.9899497628211975,2.3237950801849365
45,1,-0.9899497628211975,0.7282112836837769
45,0,-0.979899525642395,2.319129228591919
45,1,-0.979899525642395,0.7280831933021545
45,0,-0.9698492288589478,2.311913251876831
45,1,-0.9698492288589478,0.7280593514442444
45,0,-0.9597989916801453,2.302152156829834
45,1,-0.9597989916801453,0.7281169891357422
45,0,-0.9497487545013428,2.289853096008301
45,1,-0.9497487545013428,0.7282319664955139
45,0,-0.9396985173225403,2.2750205993652344
45,1,-0.9396985173225403,0.7283812761306763
45,0,-0.929648220539093,2.2576591968536377
45,1,-0.929648220539093,0.7285411953926086
45,0,-0.9195979833602905,2.2377753257751465
45,1,-0.9195979833602905,0.7286883592605591
45,0,-0.909547746181488,2.2153751850128174
45,1,-0.909547746181488,0.7287992835044861
45,0,-0.8994975090026855,2.190462350845337
45,1,-0.8994975090026855,0.728850245475769
45,0,-0.8894472122192383,2.163043975830078
45,1,-0.8894472122192383,0.7288182973861694
45,0,-0.8793969750404358,2.133124828338623
45,1,-0.8793969750404358,0.7286794781684875
45,0,-0.8693467378616333,2.100709915161133
45,1,-0.8693467378616333,0.7284104824066162
45,0,-0.8592965006828308,2.065805673599243
45,1,-0.8592965006828308,0.7279878258705139
45,0,-0.8492462038993835,2.028416633605957
45,1,-0.8492462038993835,0.7273880243301392
45,0,-0.839195966720581,1.9885493516921997
45,1,-0.839195966720581,0.7265878915786743
45,0,-0.8291457295417786,1.9462082386016846
45,1,-0.8291457295417786,0.7255634069442749
45,0,-0.8190954923629761,1.9013991355895996
45,1,-0.8190954923629761,0.7242914438247681
45,0,-0.8090452551841736,1.8541280031204224
45,1,-0.8090452551841736,0.7227483987808228
45,0,-0.7989949584007263,1.804399013519287
45,1,-0.7989949584007263,0.7209110260009766
45,0,-0.7889447212219238,1.7522192001342773
45,1,-0.7889447212219238,0.7187556028366089
45,0,-0.7788944840431213,1.6975929737091064
45,1,-0.7788944840431213,0.7162587642669678
45,0,-0.7688442468643188,1.6405260562896729
45,1,-0.7688442468643188,0.7133970260620117
45,0,-0.7587939500808716,1.5810240507125854
45,1,-0.7587939500808716,0.7101468443870544
45,0,-0.7487437129020691,1.5190925598144531
45,1,-0.7487437129020691,0.7064847946166992
45,0,-0.7386934757232666,1.45479154586792
45,1,-0.7386934757232666,0.702402651309967
45,0,-0.7286432385444641,1.3883318901062012
45,1,-0.7286432385444641,0.6979336738586426
45,0,-0.7185929417610168,1.3199503421783447
45,1,-0.7185929417610168,0.6931185722351074
45,0,-0.7085427045822144,1.2498836517333984
45,1,-0.7085427045822144,0.687997579574585
45,0,-0.6984924674034119,1.1783685684204102
45,1,-0.6984924674034119,0.6826118230819702
45,0,-0.6884422302246094,1.1056421995162964
45,1,-0.6884422302246094,0.6770012378692627
45,0,-0.6783919334411621,1.0319403409957886
45,1,-0.6783919334411621,0.6712067127227783
45,0,-0.6683416962623596,0.957500696182251
45,1,-0.6683416962623596,0.6652686595916748
45,0,-0.6582914590835571,0.8825597763061523
45,1,-0.6582914590835571,0.6592278480529785
45,0,-0.6482412219047546,0.8073541522026062
45,1,-0.6482412219047546,0.6531246900558472
45,0,-0.6381909251213074,0.7321202754974365
45,1,-0.6381909251213074,0.6469995975494385
45,0,-0.6281406879425049,0.6570955514907837
45,1,-0.6281406879425049,0.6408933401107788
45,0,-0.6180904507637024,0.5825163125991821
45,1,-0.6180904507637024,0.6348463892936707
45,0,-0.6080402135848999,0.508619487285614
45,1,-0.6080402135848999,0.628899335861206
45,0,-0.5979899764060974,0.43564164638519287
45,1,-0.5979899764060974,0.6230925917625427
45,0,-0.5879396796226501,0.3638192415237427
45,1,-0.5879396796226501,0.6174668073654175
45,0,-0.5778894424438477,0.2933896780014038
45,1,-0.5778894424438477,0.6120626926422119
45,0,-0.5678392052650452,0.22458943724632263
45,1,-0.5678392052650452,0.6069204807281494
45,0,-0.5577889680862427,0.15765514969825745
45,1,-0.5577889680862427,0.6020810604095459
45,0,-0.5477386713027954,0.092823326587677
45,1,-0.5477386713027954,0.5975847840309143
45,0,-0.5376884341239929,0.030331313610076904
45,1,-0.5376884341239929,0.5934721827507019
45,0,-0.5276381969451904,-0.029584527015686035
45,1,-0.5276381969451904,0.5897839069366455
45,0,-0.5175879597663879,-0.08668731898069382
45,1,-0.5175879597663879,0.5865604877471924
45,0,-0.5075376629829407,-0.14074082672595978
45,1,-0.5075376629829407,0.5838423371315002
45,0,-0.4974874258041382,-0.19150838255882263
45,1,-0.4974874258041382,0.5816701650619507
45,0,-0.4874371886253357,-0.23886926472187042
45,1,-0.4874371886253357,0.5800743699073792
45,0,-0.4773869216442108,-0.282924622297287
45,1,-0.4773869216442108,0.579066276550293
45,0,-0.4673366844654083,-0.3238009512424469
45,1,-0.4673366844654083,0.5786551237106323
45,0,-0.45728641748428345,-0.36162522435188293
45,1,-0.45728641748428345,0.5788496732711792
45,0,-0.44723618030548096,-0.3965238928794861
45,1,-0.44723618030548096,0.5796593427658081
45,0,-0.43718594312667847,-0.4286237359046936
45,1,-0.43718594312667847,0.5810928344726562
45,0,-0.4271356761455536,-0.4580515921115875
45,1,-0.4271356761455536,0.5831598043441772
45,0,-0.4170854389667511,-0.484934002161026
45,1,-0.4170854389667511,0.585868775844574
45,0,-0.4070351719856262,-0.5093978643417358
45,1,-0.4070351719856262,0.589229166507721
45,0,-0.39698493480682373,-0.5315696597099304
45,1,-0.39698493480682373,0.5932499766349792
45,0,-0.38693466782569885,-0.5515763163566589
45,1,-0.38693466782569885,0.59794020652771
45,0,-0.37688443064689636,-0.5695443153381348
45,1,-0.37688443064689636,0.6033090353012085
45,0,-0.3668341636657715,-0.5856005549430847
45,1,-0.3668341636657715,0.6093654632568359
45,0,-0.356783926486969,-0.5998716354370117
45,1,-0.356783926486969,0.6161187887191772
45,0,-0.3467336595058441,-0.6124842762947083
45,1,-0.3467336595058441,0.6235777139663696
45,0,-0.3366834223270416,-0.6235652565956116
45,1,-0.3366834223270416,0.6317517161369324
45,0,-0.32663315534591675,-0.6332412362098694
45,1,-0.32663315534591675,0.640649676322937
45,0,-0.31658291816711426,-0.6416389346122742
45,1,-0.31658291816711426,0.6502805948257446
45,0,-0.3065326511859894,-0.6488850116729736
45,1,-0.3065326511859894,0.6606539487838745
45,0,-0.2964824140071869,-0.6551063060760498
45,1,-0.2964824140071869,0.6717782616615295
45,0,-0.286432147026062,-0.6604292988777161
45,1,-0.286432147026062,0.683663010597229
45,0,-0.2763819098472595,-0.6649808883666992
45,1,-0.2763819098472595,0.6963172554969788
45,0,-0.26633167266845703,-0.668887734413147
45,1,-0.26633167266845703,0.7097499370574951
45,0,-0.25628140568733215,-0.6722766160964966
45,1,-0.25628140568733215,0.7239702939987183
45,0,-0.24623115360736847,-0.6752734780311584
45,1,-0.24623115360736847,0.7389866709709167
45,0,-0.23618090152740479,-0.6779746413230896
45,1,-0.23618090152740479,0.7547720074653625
45,0,-0.2261306494474411,-0.6804348826408386
45,1,-0.2261306494474411,0.7712510824203491
45,0,-0.21608039736747742,-0.6827062964439392
45,1,-0.21608039736747742,0.788345217704773
45,0,-0.20603014528751373,-0.6848409175872803
45,1,-0.20603014528751373,0.8059751987457275
45,0,-0.19597989320755005,-0.6868903636932373
45,1,-0.19597989320755005,0.8240622282028198
45,0,-0.18592964112758636,-0.688906729221344
45,1,-0.18592964112758636,0.8425272107124329
45,0,-0.17587940394878387,-0.6909420490264893
45,1,-0.17587940394878387,0.8612914681434631
45,0,-0.1658291518688202,-0.6930479407310486
45,1,-0.1658291518688202,0.8802757263183594
45,0,-0.1557788997888565,-0.6952763795852661
45,1,-0.1557788997888565,0.8994012475013733
45,0,-0.14572864770889282,-0.6976794600486755
45,1,-0.14572864770889282,0.9185891151428223
45,0,-0.13567839562892914,-0.7003088593482971
45,1,-0.13567839562892914,0.9377601146697998
45,0,-0.12562814354896545,-0.7032167315483093
45,1,-0.12562814354896545,0.9568359851837158
45,0,-0.11557789146900177,-0.7064546942710876
45,1,-0.11557789146900177,0.9757370352745056
45,0,-0.10552763938903809,-0.7100750207901001
45,1,-0.10552763938903809,0.9943845272064209
45,0,-0.0954773873090744,-0.7141292691230774
45,1,-0.0954773873090744,1.0126996040344238
45,0,-0.08542713522911072,-0.7186696529388428
45,1,-0.08542713522911072,1.0306035280227661
45,0,-0.07537688314914703,-0.7237478494644165
45,1,-0.07537688314914703,1.048016905784607
45,0,-0.06532663106918335,-0.7294158935546875
45,1,-0.06532663106918335,1.0648610591888428
45,0,-0.055276382714509964,-0.7357256412506104
45,1,-0.055276382714509964,1.0810573101043701
45,0,-0.04522613063454628,-0.7427290081977844
45,1,-0.04522613063454628,1.096526026725769
45,0,-0.035175878554582596,-0.7504778504371643
45,1,-0.035175878554582596,1.1111891269683838
45,0,-0.02512562833726406,-0.7590242624282837
45,1,-0.02512562833726406,1.1249668598175049
45,0,-0.015075377188622952,-0.7684199810028076
45,1,-0.015075377188622952,1.137780785560608
45,0,-0.005025125574320555,-0.7787171006202698
45,1,-0.005025125574320555,1.1495518684387207
45,0,0.005025125574320555,-0.7899643182754517
45,1,0.005025125574320555,1.1602036952972412
45,0,0.015075377188622952,-0.802143931388855
45,1,0.015075377188622952,1.1697248220443726
45,0,0.02512562833726406,-0.8151710033416748
45,1,0.02512562833726406,1.1781671047210693
45,0,0.035175878554582596,-0.8289579153060913
45,1,0.035175878554582596,1.1855859756469727
45,0,0.04522613063454628,-0.8434165716171265
45,1,0.04522613063454628,1.1920361518859863
45,0,0.055276382714509964,-0.8584594130516052
45,1,0.055276382714509964,1.1975730657577515
45,0,0.06532663106918335,-0.8739984631538391
45,1,0.06532663106918335,1.2022515535354614
45,0,0.07537688314914703,-0.8899462223052979
45,1,0.07537688314914703,1.2061266899108887
45,0,0.08542713522911072,-0.9062146544456482
45,1,0.08542713522911072,1.2092537879943848
45,0,0.0954773873090744,-0.9227161407470703
45,1,0.0954773873090744,1.2116878032684326
45,0,0.10552763938903809,-0.9393628835678101
45,1,0.10552763938903809,1.2134838104248047
45,0,0.11557789146900177,-0.9560669660568237
45,1,0.11557789146900177,1.214697003364563
45,0,0.12562814354896545,-0.9727407693862915
45,1,0.12562814354896545,1.2153820991516113
45,0,0.13567839562892914,-0.9892961382865906
45,1,0.13567839562892914,1.2155945301055908
45,0,0.14572864770889282,-1.005645990371704
45,1,0.14572864770889282,1.2153894901275635
45,0,0.1557788997888565,-1.0217019319534302
45,1,0.1557788997888565,1.214821696281433
45,0,0.1658291518688202,-1.0373766422271729
45,1,0.1658291518688202,1.2139465808868408
45,0,0.17587940394878387,-1.0525816679000854
45,1,0.17587940394878387,1.2128188610076904
45,0,0.18592964112758636,-1.0672298669815063
45,1,0.18592964112758636,1.2114938497543335
45,0,0.19597989320755005,-1.0812331438064575
45,1,0.19597989320755005,1.2100266218185425
45,0,0.20603014528751373,-1.0945038795471191
45,1,0.20603014528751373,1.2084723711013794
45,0,0.21608039736747742,-1.1069540977478027
45,1,0.21608039736747742,1.206885814666748
45,0,0.2261306494474411,-1.1184964179992676
45,1,0.2261306494474411,1.2053223848342896
45,0,0.23618090152740479,-1.129042625427246
45,1,0.23618090152740479,1.2038371562957764
45,0,0.24623115360736847,-1.1385051012039185
45,1,0.24623115360736847,1.2024850845336914
45,0,0.25628140568733215,-1.1468026638031006
45,1,0.25628140568733215,1.2013182640075684
45,0,0.26633167266845703,-1.1539504528045654
45,1,0.26633167266845703,1.2003527879714966
45,0,0.2763819098472595,-1.160030722618103
45,1,0.2763819098472595,1.199577808380127
45,0,0.286432147026062,-1.1651276350021362
45,1,0.286432147026062,1.198981523513794
45,0,0.2964824140071869,-1.169325828552246
45,1,0.2964824140071869,1.1985526084899902
45,0,0.3065326511859894,-1.1727097034454346
45,1,0.3065326511859894,1.1982797384262085
45,0,0.31658291816711426,-1.1753629446029663
45,1,0.31658291816711426,1.1981513500213623
45,0,0.32663315534591675,-1.177370548248291
45,1,0.32663315534591675,1.1981561183929443
45,0,0.3366834223270416,-1.178816556930542
45,1,0.3366834223270416,1.1982823610305786
45,0,0.3467336595058441,-1.1797850131988525
45,1,0.3467336595058441,1.198518991470337
45,0,0.356783926486969,-1.180361032485962
45,1,0.356783926486969,1.1988542079925537
45,0,0.3668341636657715,-1.1806280612945557
45,1,0.3668341636657715,1.1992765665054321
45,0,0.37688443064689636,-1.1806706190109253
45,1,0.37688443064689636,1.1997748613357544
45,0,0.38693466782569885,-1.1805732250213623
45,1,0.38693466782569885,1.200337529182434
45,0,0.39698493480682373,-1.180419683456421
45,1,0.39698493480682373,1.2009532451629639
45,0,0.4070351719856262,-1.1802953481674194
45,1,0.4070351719856262,1.2016102075576782
45,0,0.4170854389667511,-1.1802833080291748
45,1,0.4170854389667511,1.2022969722747803
45,0,0.4271356761455536,-1.1804687976837158
45,1,0.4271356761455536,1.203002691268921
45,0,0.43718594312667847,-1.1809356212615967
45,1,0.43718594312667847,1.203715443611145
45,0,0.44723618030548096,-1.1817682981491089
45,1,0.44723618030548096,1.2044237852096558
45,0,0.45728641748428345,-1.1830511093139648
45,1,0.45728641748428345,1.2051163911819458
45,0,0.4673366844654083,-1.184868335723877
45,1,0.4673366844654083,1.2057818174362183
45,0,0.4773869216442108,-1.187304139137268
45,1,0.4773869216442108,1.2064083814620972
45,0,0.4874371886253357,-1.1904429197311401
45,1,0.4874371886253357,1.2069849967956543
45,0,0.4974874258041382,-1.1943690776824951
45,1,0.4974874258041382,1.2074998617172241
45,0,0.5075376629829407,-1.1991562843322754
45,1,0.5075376629829407,1.2079429626464844
45,0,0.5175879597663879,-1.2047861814498901
45,1,0.5175879597663879,1.208314061164856
45,0,0.5276381969451904,-1.21119225025177
45,1,0.5276381969451904,1.2086185216903687
45,0,0.5376884341239929,-1.2183082103729248
45,1,0.5376884341239929,1.2088611125946045
45,0,0.5477386713027954,-1.2260675430297852
45,1,0.5477386713027954,1.2090474367141724
45,0,0.5577889680862427,-1.2344039678573608
45,1,0.5577889680862427,1.2091823816299438
45,0,0.5678392052650452,-1.243250846862793
45,1,0.5678392052650452,1.2092713117599487
45,0,0.5778894424438477,-1.2525417804718018
45,1,0.5778894424438477,1.2093194723129272
45,0,0.5879396796226501,-1.262210488319397
45,1,0.5879396796226501,1.20933198928833
45,0,0.5979899764060974,-1.272189974784851
45,1,0.5979899764060974,1.2093138694763184
45,0,0.6080402135848999,-1.282414436340332
45,1,0.6080402135848999,1.209270715713501
45,0,0.6180904507637024,-1.2928168773651123
45,1,0.6180904507637024,1.20920729637146
45,0,0.6281406879425049,-1.303330898284912
45,1,0.6281406879425049,1.2091290950775146
45,0,0.6381909251213074,-1.3138904571533203
45,1,0.6381909251213074,1.2090411186218262
45,0,0.6482412219047546,-1.3244285583496094
45,1,0.6482412219047546,1.2089486122131348
45,0,0.6582914590835571,-1.334878921508789
45,1,0.6582914590835571,1.2088568210601807
45,0,0.6683416962623596,-1.3451752662658691
45,1,0.6683416962623596,1.2087708711624146
45,0,0.6783919334411621,-1.3552508354187012
45,1,0.6783919334411621,1.2086961269378662
45,0,0.6884422302246094,-1.3650394678115845
45,1,0.6884422302246094,1.2086375951766968
45,0,0.6984924674034119,-1.374474287033081
45,1,0.6984924674034119,1.208600401878357
45,0,0.7085427045822144,-1.3834891319274902
45,1,0.7085427045822144,1.208589792251587
45,0,0.7185929417610168,-1.3920174837112427
45,1,0.7185929417610168,1.208611249923706
45,0,0.7286432385444641,-1.3999929428100586
45,1,0.7286432385444641,1.2086694240570068
45,0,0.7386934757232666,-1.4073486328125
45,1,0.7386934757232666,1.2087701559066772
45,0,0.7487437129020691,-1.4140185117721558
45,1,0.7487437129020691,1.2089180946350098
45,0,0.7587939500808716,-1.4199503660202026
45,1,0.7587939500808716,1.2091171741485596
45,0,0.7688442468643188,-1.425174355506897
45,1,0.7688442468643188,1.2093621492385864
45,0,0.7788944840431213,-1.4297512769699097
45,1,0.7788944840431213,1.2096445560455322
45,0,0.7889447212219238,-1.4337413311004639
45,1,0.7889447212219238,1.2099560499191284
45,0,0.7989949584007263,-1.4372053146362305
45,1,0.7989949584007263,1.2102882862091064
45,0,0.8090452551841736,-1.4402039051055908
45,1,0.8090452551841736,1.2106328010559082
45,0,0.8190954923629761,-1.4427971839904785
45,1,0.8190954923629761,1.2109811305999756
45,0,0.8291457295417786,-1.4450459480285645
45,1,0.8291457295417786,1.21132493019104
45,0,0.839195966720581,-1.4470109939575195
45,1,0.839195966720581,1.2116557359695435
45,0,0.8492462038993835,-1.4487524032592773
45,1,0.8492462038993835,1.2119652032852173
45,0,0.8592965006828308,-1.4503308534622192
45,1,0.8592965006828308,1.2122447490692139
45,0,0.8693467378616333,-1.451806902885437
45,1,0.8693467378616333,1.2124862670898438
45,0,0.8793969750404358,-1.4532413482666016
45,1,0.8793969750404358,1.2126812934875488
45,0,0.8894472122192383,-1.4546942710876465
45,1,0.8894472122192383,1.2128212451934814
45,0,0.8994975090026855,-1.4562263488769531
45,1,0.8994975090026855,1.212897777557373
45,0,0.909547746181488,-1.4578983783721924
45,1,0.909547746181488,1.212902545928955
45,0,0.9195979833602905,-1.4597704410552979
45,1,0.9195979833602905,1.212827205657959
45,0,0.929648220539093,-1.4619035720825195
45,1,0.929648220539093,1.2126630544662476
45,0,0.9396985173225403,-1.4643580913543701
45,1,0.9396985173225403,1.2124018669128418
45,0,0.9497487545013428,-1.4671945571899414
45,1,0.9497487545013428,1.2120354175567627
45,0,0.9597989916801453,-1.470473289489746
45,1,0.9597989916801453,1.211555004119873
45,0,0.9698492288589478,-1.4742552042007446
45,1,0.9698492288589478,1.2109524011611938
45,0,0.979899525642395,-1.4786007404327393
45,1,0.979899525642395,1.210219144821167
45,0,0.9899497628211975,-1.483569622039795
45,1,0.9899497628211975,1.2093467712402344
45,0,1.0,-1.489223837852478
45,1,1.0,1.208327054977417
46,0,-1.0,2.5571694374084473
46,1,-1.0,0.47368061542510986
46,0,-0.9899497628211975,2.5571341514587402
46,1,-0.9899497628211975,0.47331690788269043
46,0,-0.979899525642395,2.5552542209625244
46,1,-0.979899525642395,0.47312217950820923
46,0,-0.9698492288589478,2.5514636039733887
46,1,-0.9698492288589478,0.4730730652809143
46,0,-0.9597989916801453,2.5456948280334473
46,1,-0.9597989916801453,0.47314637899398804
46,0,-0.9497487545013428,2.5378825664520264
46,1,-0.9497487545013428,0.47331857681274414
46,0,-0.9396985173225403,2.527958869934082
46,1,-0.9396985173225403,0.4735664129257202
46,0,-0.929648220539093,2.515857219696045
46,1,-0.929648220539093,0.47386670112609863
46,0,-0.9195979833602905,2.501511573791504
46,1,-0.9195979833602905,0.47419583797454834
46,0,-0.909547746181488,2.4848549365997314
46,1,-0.909547746181488,0.47453051805496216
46,0,-0.8994975090026855,2.465820550918579
46,1,-0.8994975090026855,0.47484761476516724
46,0,-0.8894472122192383,2.4443416595458984
46,1,-0.8894472122192383,0.4751235842704773
46,0,-0.8793969750404358,2.420351028442383
46,1,-0.8793969750404358,0.47533512115478516
46,0,-0.8693467378616333,2.3937828540802
46,1,-0.8693467378616333,0.4754589796066284
46,0,-0.8592965006828308,2.364570379257202
46,1,-0.8592965006828308,0.4754716157913208
46,0,-0.8492462038993835,2.3326470851898193
46,1,-0.8492462038993835,0.47534996271133423
46,0,-0.839195966720581,2.297945499420166
46,1,-0.839195966720581,0.4750704765319824
46,0,-0.8291457295417786,2.260399103164673
46,1,-0.8291457295417786,0.4746098220348358
46,0,-0.8190954923629761,2.219942092895508
46,1,-0.8190954923629761,0.4739447236061096
46,0,-0.8090452551841736,2.176506996154785
46,1,-0.8090452551841736,0.47305184602737427
46,0,-0.7989949584007263,2.1300270557403564
46,1,-0.7989949584007263,0.4719077944755554
46,0,-0.7889447212219238,2.0804355144500732
46,1,-0.7889447212219238,0.4704892933368683
46,0,-0.7788944840431213,2.0276665687561035
46,1,-0.7788944840431213,0.468772828578949
46,0,-0.7688442468643188,1.9716529846191406
46,1,-0.7688442468643188,0.46673521399497986
46,0,-0.7587939500808716,1.912327766418457
46,1,-0.7587939500808716,0.46435317397117615
46,0,-0.7487437129020691,1.849624514579773
46,1,-0.7487437129020691,0.4616033136844635
46,0,-0.7386934757232666,1.7835667133331299
46,1,-0.7386934757232666,0.45847582817077637
46,0,-0.7286432385444641,1.71442449092865
46,1,-0.7286432385444641,0.4549989402294159
46,0,-0.7185929417610168,1.642510175704956
46,1,-0.7185929417610168,0.45120683312416077
46,0,-0.7085427045822144,1.5681368112564087
46,1,-0.7085427045822144,0.44713401794433594
46,0,-0.6984924674034119,1.4916176795959473
46,1,-0.6984924674034119,0.44281503558158875
46,0,-0.6884422302246094,1.4132651090621948
46,1,-0.6884422302246094,0.43828439712524414
46,0,-0.6783919334411621,1.333390712738037
46,1,-0.6783919334411621,0.4335760772228241
46,0,-0.6683416962623596,1.2523093223571777
46,1,-0.6683416962623596,0.428725004196167
46,0,-0.6582914590835571,1.170332670211792
46,1,-0.6582914590835571,0.4237654507160187
46,0,-0.6482412219047546,1.0877734422683716
46,1,-0.6482412219047546,0.418731689453125
46,0,-0.6381909251213074,1.0049442052841187
46,1,-0.6381909251213074,0.4136584997177124
46,0,-0.6281406879425049,0.9221583604812622
46,1,-0.6281406879425049,0.4085799753665924
46,0,-0.6180904507637024,0.8397284150123596
46,1,-0.6180904507637024,0.4035307765007019
46,0,-0.6080402135848999,0.7579671740531921
46,1,-0.6080402135848999,0.3985452950000763
46,0,-0.5979899764060974,0.6771869659423828
46,1,-0.5979899764060974,0.3936578333377838
46,0,-0.5879396796226501,0.5977006554603577
46,1,-0.5879396796226501,0.3889029324054718
46,0,-0.5778894424438477,0.5198216438293457
46,1,-0.5778894424438477,0.38431501388549805
46,0,-0.5678392052650452,0.4438621699810028
46,1,-0.5678392052650452,0.3799285590648651
46,0,-0.5577889680862427,0.37013503909111023
46,1,-0.5577889680862427,0.3757779002189636
46,0,-0.5477386713027954,0.29895278811454773
46,1,-0.5477386713027954,0.3718976378440857
46,0,-0.5376884341239929,0.23062869906425476
46,1,-0.5376884341239929,0.3683219850063324
46,0,-0.5276381969451904,0.16547533869743347
46,1,-0.5276381969451904,0.36508557200431824
46,0,-0.5175879597663879,0.10380531847476959
46,1,-0.5175879597663879,0.36222273111343384
46,0,-0.5075376629829407,0.04593111574649811
46,1,-0.5075376629829407,0.3597678542137146
46,0,-0.4974874258041382,-0.007835015654563904
46,1,-0.4974874258041382,0.3577554523944855
46,0,-0.4874371886253357,-0.05733779817819595
46,1,-0.4874371886253357,0.3562122583389282
46,0,-0.4773869216442108,-0.10272400081157684
46,1,-0.4773869216442108,0.35515040159225464
46,0,-0.4673366844654083,-0.14417465031147003
46,1,-0.4673366844654083,0.3545803725719452
46,0,-0.45728641748428345,-0.1818714588880539
46,1,-0.45728641748428345,0.3545125424861908
46,0,-0.44723618030548096,-0.21599555015563965
46,1,-0.44723618030548096,0.3549574017524719
46,0,-0.43718594312667847,-0.24672843515872955
46,1,-0.43718594312667847,0.35592541098594666
46,0,-0.4271356761455536,-0.2742516100406647
46,1,-0.4271356761455536,0.3574269115924835
46,0,-0.4170854389667511,-0.2987461984157562
46,1,-0.4170854389667511,0.35947245359420776
46,0,-0.4070351719856262,-0.3203939199447632
46,1,-0.4070351719856262,0.36207252740859985
46,0,-0.39698493480682373,-0.3393758535385132
46,1,-0.39698493480682373,0.36523735523223877
46,0,-0.38693466782569885,-0.35587358474731445
46,1,-0.38693466782569885,0.3689776062965393
46,0,-0.37688443064689636,-0.37006840109825134
46,1,-0.37688443064689636,0.37330362200737
46,0,-0.3668341636657715,-0.38214170932769775
46,1,-0.3668341636657715,0.3782258927822113
46,0,-0.356783926486969,-0.3922749161720276
46,1,-0.356783926486969,0.38375478982925415
46,0,-0.3467336595058441,-0.40064936876296997
46,1,-0.3467336595058441,0.389900803565979
46,0,-0.3366834223270416,-0.40744656324386597
46,1,-0.3366834223270416,0.3966743052005768
46,0,-0.32663315534591675,-0.4128477871417999
46,1,-0.32663315534591675,0.4040858745574951
46,0,-0.31658291816711426,-0.41703447699546814
46,1,-0.31658291816711426,0.4121459126472473
46,0,-0.3065326511859894,-0.4201880097389221
46,1,-0.3065326511859894,0.4208647906780243
46,0,-0.2964824140071869,-0.4224897027015686
46,1,-0.2964824140071869,0.43025290966033936
46,0,-0.286432147026062,-0.4241209924221039
46,1,-0.286432147026062,0.44032084941864014
46,0,-0.2763819098472595,-0.42526334524154663
46,1,-0.2763819098472595,0.4510791003704071
46,0,-0.26633167266845703,-0.4260980486869812
46,1,-0.26633167266845703,0.462537944316864
46,0,-0.25628140568733215,-0.4268065392971039
46,1,-0.25628140568733215,0.4747079014778137
46,0,-0.24623115360736847,-0.42756882309913635
46,1,-0.24623115360736847,0.4875987768173218
46,0,-0.23618090152740479,-0.4285006523132324
46,1,-0.23618090152740479,0.5011875629425049
46,0,-0.2261306494474411,-0.42962902784347534
46,1,-0.2261306494474411,0.515406608581543
46,0,-0.21608039736747742,-0.4309743642807007
46,1,-0.21608039736747742,0.5301848649978638
46,0,-0.20603014528751373,-0.43255704641342163
46,1,-0.20603014528751373,0.5454509258270264
46,0,-0.19597989320755005,-0.4343973994255066
46,1,-0.19597989320755005,0.5611339807510376
46,0,-0.18592964112758636,-0.43651583790779114
46,1,-0.18592964112758636,0.5771626234054565
46,0,-0.17587940394878387,-0.43893274664878845
46,1,-0.17587940394878387,0.5934658050537109
46,0,-0.1658291518688202,-0.4416685700416565
46,1,-0.1658291518688202,0.6099724769592285
46,0,-0.1557788997888565,-0.44474348425865173
46,1,-0.1557788997888565,0.6266112923622131
46,0,-0.14572864770889282,-0.44817811250686646
46,1,-0.14572864770889282,0.6433112621307373
46,0,-0.13567839562892914,-0.4519926905632019
46,1,-0.13567839562892914,0.6600010991096497
46,0,-0.12562814354896545,-0.4562076926231384
46,1,-0.12562814354896545,0.6766099333763123
46,0,-0.11557789146900177,-0.46084341406822205
46,1,-0.11557789146900177,0.6930664777755737
46,0,-0.10552763938903809,-0.46592026948928833
46,1,-0.10552763938903809,0.7092993855476379
46,0,-0.0954773873090744,-0.47145867347717285
46,1,-0.0954773873090744,0.7252377867698669
46,0,-0.08542713522911072,-0.4774789810180664
46,1,-0.08542713522911072,0.7408105134963989
46,0,-0.07537688314914703,-0.4840015769004822
46,1,-0.07537688314914703,0.7559462189674377
46,0,-0.06532663106918335,-0.4910469055175781
46,1,-0.06532663106918335,0.7705740332603455
46,0,-0.055276382714509964,-0.4986352324485779
46,1,-0.055276382714509964,0.7846227288246155
46,0,-0.04522613063454628,-0.5067869424819946
46,1,-0.04522613063454628,0.7980208992958069
46,0,-0.035175878554582596,-0.5155225992202759
46,1,-0.035175878554582596,0.8106977939605713
46,0,-0.02512562833726406,-0.5248622894287109
46,1,-0.02512562833726406,0.8225820064544678
46,0,-0.015075377188622952,-0.5348267555236816
46,1,-0.015075377188622952,0.8336024880409241
46,0,-0.005025125574320555,-0.5454360842704773
46,1,-0.005025125574320555,0.8436881303787231
46,0,0.005025125574320555,-0.5567089319229126
46,1,0.005025125574320555,0.8527703285217285
46,0,0.015075377188622952,-0.5686233639717102
46,1,0.015075377188622952,0.860838770866394
46,0,0.02512562833726406,-0.5811166167259216
46,1,0.02512562833726406,0.867941677570343
46,0,0.035175878554582596,-0.5941241979598999
46,1,0.035175878554582596,0.8741297125816345
46,0,0.04522613063454628,-0.607581615447998
46,1,0.04522613063454628,0.8794536590576172
46,0,0.055276382714509964,-0.6214244961738586
46,1,0.055276382714509964,0.8839640617370605
46,0,0.06532663106918335,-0.6355881094932556
46,1,0.06532663106918335,0.887711763381958
46,0,0.07537688314914703,-0.6500081419944763
46,1,0.07537688314914703,0.8907474279403687
46,0,0.08542713522911072,-0.6646201610565186
46,1,0.08542713522911072,0.8931217193603516
46,0,0.0954773873090744,-0.6793595552444458
46,1,0.0954773873090744,0.894885241985321
46,0,0.10552763938903809,-0.6941619515419006
46,1,0.10552763938903809,0.8960890173912048
46,0,0.11557789146900177,-0.7089627981185913
46,1,0.11557789146900177,0.8967833518981934
46,0,0.12562814354896545,-0.7236975431442261
46,1,0.12562814354896545,0.8970191478729248
46,0,0.13567839562892914,-0.7383018732070923
46,1,0.13567839562892914,0.8968470692634583
46,0,0.14572864770889282,-0.7527111768722534
46,1,0.14572864770889282,0.8963179588317871
46,0,0.1557788997888565,-0.7668611407279968
46,1,0.1557788997888565,0.8954821825027466
46,0,0.1658291518688202,-0.7806870341300964
46,1,0.1658291518688202,0.8943907618522644
46,0,0.17587940394878387,-0.7941245436668396
46,1,0.17587940394878387,0.8930942416191101
46,0,0.18592964112758636,-0.807108998298645
46,1,0.18592964112758636,0.8916431665420532
46,0,0.19597989320755005,-0.8195762634277344
46,1,0.19597989320755005,0.8900886178016663
46,0,0.20603014528751373,-0.8314615488052368
46,1,0.20603014528751373,0.8884810209274292
46,0,0.21608039736747742,-0.8427003622055054
46,1,0.21608039736747742,0.8868710398674011
46,0,0.2261306494474411,-0.8532285094261169
46,1,0.2261306494474411,0.8853095173835754
46,0,0.23618090152740479,-0.8629812598228455
46,1,0.23618090152740479,0.883847177028656
46,0,0.24623115360736847,-0.8718942403793335
46,1,0.24623115360736847,0.8825345635414124
46,0,0.25628140568733215,-0.8799081444740295
46,1,0.25628140568733215,0.8814196586608887
46,0,0.26633167266845703,-0.8870358467102051
46,1,0.26633167266845703,0.8805162310600281
46,0,0.2763819098472595,-0.893342137336731
46,1,0.2763819098472595,0.8798120021820068
46,0,0.286432147026062,-0.8988926410675049
46,1,0.286432147026062,0.8792945742607117
46,0,0.2964824140071869,-0.903753399848938
46,1,0.2964824140071869,0.8789517283439636
46,0,0.3065326511859894,-0.9079903364181519
46,1,0.3065326511859894,0.8787708282470703
46,0,0.31658291816711426,-0.9116690754890442
46,1,0.31658291816711426,0.8787394165992737
46,0,0.32663315534591675,-0.9148553609848022
46,1,0.32663315534591675,0.87884521484375
46,0,0.3366834223270416,-0.9176153540611267
46,1,0.3366834223270416,0.8790755271911621
46,0,0.3467336595058441,-0.9200147390365601
46,1,0.3467336595058441,0.8794183135032654
46,0,0.356783926486969,-0.9221193790435791
46,1,0.356783926486969,0.8798608779907227
46,0,0.3668341636657715,-0.9239950776100159
46,1,0.3668341636657715,0.8803907632827759
46,0,0.37688443064689636,-0.9257075786590576
46,1,0.37688443064689636,0.8809956312179565
46,0,0.38693466782569885,-0.927323043346405
46,1,0.38693466782569885,0.8816630840301514
46,0,0.39698493480682373,-0.9289069175720215
46,1,0.39698493480682373,0.882380485534668
46,0,0.4070351719856262,-0.9305252432823181
46,1,0.4070351719856262,0.8831356763839722
46,0,0.4170854389667511,-0.932243824005127
46,1,0.4170854389667511,0.883915901184082
46,0,0.4271356761455536,-0.9341285228729248
46,1,0.4271356761455536,0.8847090005874634
46,0,0.43718594312667847,-0.9362453818321228
46,1,0.43718594312667847,0.8855024576187134
46,0,0.44723618030548096,-0.9386597871780396
46,1,0.44723618030548096,0.8862838745117188
46,0,0.45728641748428345,-0.9414380192756653
46,1,0.45728641748428345,0.8870407342910767
46,0,0.4673366844654083,-0.9446456432342529
46,1,0.4673366844654083,0.8877606391906738
46,0,0.4773869216442108,-0.9483487010002136
46,1,0.4773869216442108,0.888431191444397
46,0,0.4874371886253357,-0.9526127576828003
46,1,0.4874371886253357,0.8890398740768433
46,0,0.4974874258041382,-0.9575037956237793
46,1,0.4974874258041382,0.8895742893218994
46,0,0.5075376629829407,-0.9630793333053589
46,1,0.5075376629829407,0.8900233507156372
46,0,0.5175879597663879,-0.9693237543106079
46,1,0.5175879597663879,0.8903882503509521
46,0,0.5276381969451904,-0.9761837124824524
46,1,0.5276381969451904,0.8906760215759277
46,0,0.5376884341239929,-0.9836057424545288
46,1,0.5376884341239929,0.8908944129943848
46,0,0.5477386713027954,-0.9915360808372498
46,1,0.5477386713027954,0.8910502195358276
46,0,0.5577889680862427,-0.9999213218688965
46,1,0.5577889680862427,0.8911511301994324
46,0,0.5678392052650452,-1.008707880973816
46,1,0.5678392052650452,0.8912043571472168
46,0,0.5778894424438477,-1.0178422927856445
46,1,0.5778894424438477,0.8912171721458435
46,0,0.5879396796226501,-1.0272709131240845
46,1,0.5879396796226501,0.8911970853805542
46,0,0.5979899764060974,-1.036940336227417
46,1,0.5979899764060974,0.8911511898040771
46,0,0.6080402135848999,-1.0467965602874756
46,1,0.6080402135848999,0.8910870552062988
46,0,0.6180904507637024,-1.056786298751831
46,1,0.6180904507637024,0.8910118341445923
46,0,0.6281406879425049,-1.0668561458587646
46,1,0.6281406879425049,0.8909329175949097
46,0,0.6381909251213074,-1.076952338218689
46,1,0.6381909251213074,0.8908576369285583
46,0,0.6482412219047546,-1.0870215892791748
46,1,0.6482412219047546,0.8907933235168457
46,0,0.6582914590835571,-1.0970097780227661
46,1,0.6582914590835571,0.8907471895217896
46,0,0.6683416962623596,-1.1068639755249023
46,1,0.6683416962623596,0.8907268047332764
46,0,0.6783919334411621,-1.116530179977417
46,1,0.6783919334411621,0.8907392621040344
46,0,0.6884422302246094,-1.1259551048278809
46,1,0.6884422302246094,0.8907921314239502
46,0,0.6984924674034119,-1.1350849866867065
46,1,0.6984924674034119,0.8908924460411072
46,0,0.7085427045822144,-1.1438664197921753
46,1,0.7085427045822144,0.8910477161407471
46,0,0.7185929417610168,-1.1522457599639893
46,1,0.7185929417610168,0.8912652730941772
46,0,0.7286432385444641,-1.1601694822311401
46,1,0.7286432385444641,0.8915522694587708
46,0,0.7386934757232666,-1.16758394241333
46,1,0.7386934757232666,0.8919162154197693
46,0,0.7487437129020691,-1.1744357347488403
46,1,0.7487437129020691,0.892364501953125
46,0,0.7587939500808716,-1.180682897567749
46,1,0.7587939500808716,0.8929022550582886
46,0,0.7688442468643188,-1.186353087425232
46,1,0.7688442468643188,0.8935226202011108
46,0,0.7788944840431213,-1.1914981603622437
46,1,0.7788944840431213,0.8942145705223083
46,0,0.7889447212219238,-1.196170449256897
46,1,0.7889447212219238,0.8949668407440186
46,0,0.7989949584007263,-1.2004225254058838
46,1,0.7989949584007263,0.8957683444023132
46,0,0.8090452551841736,-1.2043063640594482
46,1,0.8090452551841736,0.8966078162193298
46,0,0.8190954923629761,-1.2078745365142822
46,1,0.8190954923629761,0.8974741697311401
46,0,0.8291457295417786,-1.211179256439209
46,1,0.8291457295417786,0.8983561992645264
46,0,0.839195966720581,-1.2142727375030518
46,1,0.839195966720581,0.899242639541626
46,0,0.8492462038993835,-1.2172069549560547
46,1,0.8492462038993835,0.9001224637031555
46,0,0.8592965006828308,-1.2200347185134888
46,1,0.8592965006828308,0.900984525680542
46,0,0.8693467378616333,-1.2228081226348877
46,1,0.8693467378616333,0.9018174409866333
46,0,0.8793969750404358,-1.2255795001983643
46,1,0.8793969750404358,0.9026102423667908
46,0,0.8894472122192383,-1.2284013032913208
46,1,0.8894472122192383,0.9033516049385071
46,0,0.8994975090026855,-1.231325387954712
46,1,0.8994975090026855,0.904030442237854
46,0,0.909547746181488,-1.2344040870666504
46,1,0.909547746181488,0.9046356678009033
46,0,0.9195979833602905,-1.2376899719238281
46,1,0.9195979833602905,0.9051558971405029
46,0,0.929648220539093,-1.2412354946136475
46,1,0.929648220539093,0.9055801630020142
46,0,0.9396985173225403,-1.245092511177063
46,1,0.9396985173225403,0.9058972001075745
46,0,0.9497487545013428,-1.2493135929107666
46,1,0.9497487545013428,0.9060958623886108
46,0,0.9597989916801453,-1.2539507150650024
46,1,0.9597989916801453,0.9061648845672607
46,0,0.9698492288589478,-1.259056568145752
46,1,0.9698492288589478,0.9060932397842407
46,0,0.979899525642395,-1.2646833658218384
46,1,0.979899525642395,0.9058696627616882
46,0,0.9899497628211975,-1.2708830833435059
46,1,0.9899497628211975,0.9054829478263855
46,0,1.0,-1.2777081727981567
46,1,1.0,0.9049220681190491
