fold,edge_idx,x_eval,activation
0,0,-1.0,2.5218541622161865
0,1,-1.0,0.032237708568573
0,0,-0.9899497628211975,2.4917633533477783
0,1,-0.9899497628211975,0.039610207080841064
0,0,-0.979899525642395,2.4596874713897705
0,1,-0.979899525642395,0.04586315155029297
0,0,-0.9698492288589478,2.425691843032837
0,1,-0.9698492288589478,0.05106973648071289
0,0,-0.9597989916801453,2.389842987060547
0,1,-0.9597989916801453,0.05530363321304321
0,0,-0.9497487545013428,2.3522074222564697
0,1,-0.9497487545013428,0.05863839387893677
0,0,-0.9396985173225403,2.3128509521484375
0,1,-0.9396985173225403,0.061147332191467285
0,0,-0.929648220539093,2.271838426589966
0,1,-0.929648220539093,0.06290394067764282
0,0,-0.9195979833602905,2.2292370796203613
0,1,-0.9195979833602905,0.06398183107376099
0,0,-0.909547746181488,2.185112714767456
0,1,-0.909547746181488,0.06445437669754028
0,0,-0.8994975090026855,2.1395316123962402
0,1,-0.8994975090026855,0.06439507007598877
0,0,-0.8894472122192383,2.0925588607788086
0,1,-0.8894472122192383,0.06387734413146973
0,0,-0.8793969750404358,2.0442614555358887
0,1,-0.8793969750404358,0.06297469139099121
0,0,-0.8693467378616333,1.9947044849395752
0,1,-0.8693467378616333,0.061760663986206055
0,0,-0.8592965006828308,1.9439548254013062
0,1,-0.8592965006828308,0.06030869483947754
0,0,-0.8492462038993835,1.892077922821045
0,1,-0.8492462038993835,0.05869215726852417
0,0,-0.839195966720581,1.8391402959823608
0,1,-0.839195966720581,0.05698472261428833
0,0,-0.8291457295417786,1.7852075099945068
0,1,-0.8291457295417786,0.055259764194488525
0,0,-0.8190954923629761,1.7303458452224731
0,1,-0.8190954923629761,0.05359071493148804
0,0,-0.8090452551841736,1.674621343612671
0,1,-0.8090452551841736,0.05205118656158447
0,0,-0.7989949584007263,1.618099570274353
0,1,-0.7989949584007263,0.05071449279785156
0,0,-0.7889447212219238,1.5608470439910889
0,1,-0.7889447212219238,0.04965412616729736
0,0,-0.7788944840431213,1.5029298067092896
0,1,-0.7788944840431213,0.04894375801086426
0,0,-0.7688442468643188,1.444413423538208
0,1,-0.7688442468643188,0.0486566424369812
0,0,-0.7587939500808716,1.385364294052124
0,1,-0.7587939500808716,0.0488663911819458
0,0,-0.7487437129020691,1.3258483409881592
0,1,-0.7487437129020691,0.04964637756347656
0,0,-0.7386934757232666,1.265947699546814
0,1,-0.7386934757232666,0.05104100704193115
0,0,-0.7286432385444641,1.2057889699935913
0,1,-0.7286432385444641,0.05301463603973389
0,0,-0.7185929417610168,1.1455059051513672
0,1,-0.7185929417610168,0.05551767349243164
0,0,-0.7085427045822144,1.0852330923080444
0,1,-0.7085427045822144,0.058500468730926514
0,0,-0.6984924674034119,1.0251046419143677
0,1,-0.6984924674034119,0.061913758516311646
0,0,-0.6884422302246094,0.9652547240257263
0,1,-0.6884422302246094,0.06570804119110107
0,0,-0.6783919334411621,0.9058165550231934
0,1,-0.6783919334411621,0.06983363628387451
0,0,-0.6683416962623596,0.8469254970550537
0,1,-0.6683416962623596,0.07424125075340271
0,0,-0.6582914590835571,0.7887152433395386
0,1,-0.6582914590835571,0.07888126373291016
0,0,-0.6482412219047546,0.7313199043273926
0,1,-0.6482412219047546,0.08370417356491089
0,0,-0.6381909251213074,0.6748732328414917
0,1,-0.6381909251213074,0.08866068720817566
0,0,-0.6281406879425049,0.6195100545883179
0,1,-0.6281406879425049,0.09370100498199463
0,0,-0.6180904507637024,0.5653640627861023
0,1,-0.6180904507637024,0.09877574443817139
0,0,-0.6080402135848999,0.5125696063041687
0,1,-0.6080402135848999,0.10383555293083191
0,0,-0.5979899764060974,0.46126049757003784
0,1,-0.5979899764060974,0.10883080959320068
0,0,-0.5879396796226501,0.41157102584838867
0,1,-0.5879396796226501,0.11371195316314697
0,0,-0.5778894424438477,0.3636355400085449
0,1,-0.5778894424438477,0.11842963099479675
0,0,-0.5678392052650452,0.31758803129196167
0,1,-0.5678392052650452,0.12293422222137451
0,0,-0.5577889680862427,0.2735625207424164
0,1,-0.5577889680862427,0.12717637419700623
0,0,-0.5477386713027954,0.2316931039094925
0,1,-0.5477386713027954,0.13110646605491638
0,0,-0.5376884341239929,0.19211414456367493
0,1,-0.5376884341239929,0.13467496633529663
0,0,-0.5276381969451904,0.1549597531557083
0,1,-0.5276381969451904,0.1378326117992401
0,0,-0.5175879597663879,0.12036389112472534
0,1,-0.5175879597663879,0.140529602766037
0,0,-0.5075376629829407,0.08846063911914825
0,1,-0.5075376629829407,0.142716646194458
0,0,-0.4974874258041382,0.05938361585140228
0,1,-0.4974874258041382,0.14434444904327393
0,0,-0.4874371886253357,0.03316605091094971
0,1,-0.4874371886253357,0.1453925371170044
0,0,-0.4773869216442108,0.009647339582443237
0,1,-0.4773869216442108,0.14589637517929077
0,0,-0.4673366844654083,-0.011355087161064148
0,1,-0.4673366844654083,0.14589786529541016
0,0,-0.45728641748428345,-0.030024312436580658
0,1,-0.45728641748428345,0.14543884992599487
0,0,-0.44723618030548096,-0.04654296487569809
0,1,-0.44723618030548096,0.14456143975257874
0,0,-0.43718594312667847,-0.06109391897916794
0,1,-0.43718594312667847,0.14330729842185974
0,0,-0.4271356761455536,-0.0738600492477417
0,1,-0.4271356761455536,0.14171847701072693
0,0,-0.4170854389667511,-0.08502408862113953
0,1,-0.4170854389667511,0.13983672857284546
0,0,-0.4070351719856262,-0.09476891160011292
0,1,-0.4070351719856262,0.13770419359207153
0,0,-0.39698493480682373,-0.1032772809267044
0,1,-0.39698493480682373,0.13536256551742554
0,0,-0.38693466782569885,-0.1107320636510849
0,1,-0.38693466782569885,0.13285380601882935
0,0,-0.37688443064689636,-0.11731603741645813
0,1,-0.37688443064689636,0.13021975755691528
0,0,-0.3668341636657715,-0.1232120543718338
0,1,-0.3668341636657715,0.1275024712085724
0,0,-0.356783926486969,-0.12860289216041565
0,1,-0.356783926486969,0.1247437596321106
0,0,-0.3467336595058441,-0.13367140293121338
0,1,-0.3467336595058441,0.12198543548583984
0,0,-0.3366834223270416,-0.13860036432743073
0,1,-0.3366834223270416,0.11926960945129395
0,0,-0.32663315534591675,-0.1435726433992386
0,1,-0.32663315534591675,0.11663801968097687
0,0,-0.31658291816711426,-0.1487710028886795
0,1,-0.31658291816711426,0.1141325831413269
0,0,-0.3065326511859894,-0.15437829494476318
0,1,-0.3065326511859894,0.11179526150226593
0,0,-0.2964824140071869,-0.16057732701301575
0,1,-0.2964824140071869,0.10966791212558746
0,0,-0.286432147026062,-0.16755089163780212
0,1,-0.286432147026062,0.10779246687889099
0,0,-0.2763819098472595,-0.17548182606697083
0,1,-0.2763819098472595,0.106210857629776
0,0,-0.26633167266845703,-0.18455295264720917
0,1,-0.26633167266845703,0.10496491193771362
0,0,-0.25628140568733215,-0.19494709372520447
0,1,-0.25628140568733215,0.10409651696681976
0,0,-0.24623115360736847,-0.20684458315372467
0,1,-0.24623115360736847,0.10364745557308197
0,0,-0.23618090152740479,-0.22031232714653015
0,1,-0.23618090152740479,0.10364709794521332
0,0,-0.2261306494474411,-0.2352602332830429
0,1,-0.2261306494474411,0.10410842299461365
0,0,-0.21608039736747742,-0.25158655643463135
0,1,-0.21608039736747742,0.10504299402236938
0,0,-0.20603014528751373,-0.2691895365715027
0,1,-0.20603014528751373,0.10646244883537292
0,0,-0.19597989320755005,-0.2879672646522522
0,1,-0.19597989320755005,0.10837836563587189
0,0,-0.18592964112758636,-0.30781811475753784
0,1,-0.18592964112758636,0.11080241203308105
0,0,-0.17587940394878387,-0.32864028215408325
0,1,-0.17587940394878387,0.11374613642692566
0,0,-0.1658291518688202,-0.35033202171325684
0,1,-0.1658291518688202,0.11722120642662048
0,0,-0.1557788997888565,-0.37279143929481506
0,1,-0.1557788997888565,0.12123916298151016
0,0,-0.14572864770889282,-0.39591699838638306
0,1,-0.14572864770889282,0.1258116513490677
0,0,-0.13567839562892914,-0.41960668563842773
0,1,-0.13567839562892914,0.13095030188560486
0,0,-0.12562814354896545,-0.4437589645385742
0,1,-0.12562814354896545,0.13666674494743347
0,0,-0.11557789146900177,-0.4682719111442566
0,1,-0.11557789146900177,0.14297249913215637
0,0,-0.10552763938903809,-0.49304378032684326
0,1,-0.10552763938903809,0.14987924695014954
0,0,-0.0954773873090744,-0.5179728269577026
0,1,-0.0954773873090744,0.15739861130714417
0,0,-0.08542713522911072,-0.5429573655128479
0,1,-0.08542713522911072,0.16554215550422668
0,0,-0.07537688314914703,-0.5678954124450684
0,1,-0.07537688314914703,0.1743215024471283
0,0,-0.06532663106918335,-0.5926854014396667
0,1,-0.06532663106918335,0.1837482750415802
0,0,-0.055276382714509964,-0.6172255277633667
0,1,-0.055276382714509964,0.1938340961933136
0,0,-0.04522613063454628,-0.6414139866828918
0,1,-0.04522613063454628,0.2045905590057373
0,0,-0.035175878554582596,-0.6651489734649658
0,1,-0.035175878554582596,0.21602925658226013
0,0,-0.02512562833726406,-0.688328742980957
0,1,-0.02512562833726406,0.2281617969274521
0,0,-0.015075377188622952,-0.7108516693115234
0,1,-0.015075377188622952,0.24099984765052795
0,0,-0.005025125574320555,-0.7326157093048096
0,1,-0.005025125574320555,0.25455498695373535
0,0,0.005025125574320555,-0.7535220384597778
0,1,0.005025125574320555,0.2688365876674652
0,0,0.015075377188622952,-0.7735326886177063
0,1,0.015075377188622952,0.28380244970321655
0,0,0.02512562833726406,-0.7926711440086365
0,1,0.02512562833726406,0.29935887455940247
0,0,0.035175878554582596,-0.8109636902809143
0,1,0.035175878554582596,0.31540992856025696
0,0,0.04522613063454628,-0.8284361362457275
0,1,0.04522613063454628,0.33185961842536926
0,0,0.055276382714509964,-0.8451150059700012
0,1,0.055276382714509964,0.34861207008361816
0,0,0.06532663106918335,-0.8610262274742126
0,1,0.06532663106918335,0.3655712604522705
0,0,0.07537688314914703,-0.8761959671974182
0,1,0.07537688314914703,0.3826412856578827
0,0,0.08542713522911072,-0.8906504511833191
0,1,0.08542713522911072,0.39972615242004395
0,0,0.0954773873090744,-0.9044157266616821
0,1,0.0954773873090744,0.4167298972606659
0,0,0.10552763938903809,-0.9175180196762085
0,1,0.10552763938903809,0.43355661630630493
0,0,0.11557789146900177,-0.9299833178520203
0,1,0.11557789146900177,0.4501103162765503
0,0,0.12562814354896545,-0.9418379068374634
0,1,0.12562814354896545,0.46629512310028076
0,0,0.13567839562892914,-0.9531077742576599
0,1,0.13567839562892914,0.4820149540901184
0,0,0.14572864770889282,-0.9638195037841797
0,1,0.14572864770889282,0.497173935174942
0,0,0.1557788997888565,-0.9739986658096313
0,1,0.1557788997888565,0.5116761922836304
0,0,0.1658291518688202,-0.9836716055870056
0,1,0.1658291518688202,0.5254255533218384
0,0,0.17587940394878387,-0.9928646683692932
0,1,0.17587940394878387,0.5383263230323792
0,0,0.18592964112758636,-1.001603603363037
0,1,0.18592964112758636,0.5502822995185852
0,0,0.19597989320755005,-1.0099148750305176
0,1,0.19597989320755005,0.5611976981163025
0,0,0.20603014528751373,-1.017824649810791
0,1,0.20603014528751373,0.5709765553474426
0,0,0.21608039736747742,-1.02535879611969
0,1,0.21608039736747742,0.5795228481292725
0,0,0.2261306494474411,-1.032543659210205
0,1,0.2261306494474411,0.5867407321929932
0,0,0.23618090152740479,-1.0394054651260376
0,1,0.23618090152740479,0.5925341844558716
0,0,0.24623115360736847,-1.0459699630737305
0,1,0.24623115360736847,0.5968072414398193
0,0,0.25628140568733215,-1.0522626638412476
0,1,0.25628140568733215,0.5994740724563599
0,0,0.26633167266845703,-1.0582969188690186
0,1,0.26633167266845703,0.6005890965461731
0,0,0.2763819098472595,-1.0640767812728882
0,1,0.2763819098472595,0.6003067493438721
0,0,0.286432147026062,-1.0696066617965698
0,1,0.286432147026062,0.5987840890884399
0,0,0.2964824140071869,-1.0748907327651978
0,1,0.2964824140071869,0.5961780548095703
0,0,0.3065326511859894,-1.079933524131775
0,1,0.3065326511859894,0.5926455855369568
0,0,0.31658291816711426,-1.084738850593567
0,1,0.31658291816711426,0.5883435010910034
0,0,0.32663315534591675,-1.0893113613128662
0,1,0.32663315534591675,0.5834288597106934
0,0,0.3366834223270416,-1.093654990196228
0,1,0.3366834223270416,0.5780586004257202
0,0,0.3467336595058441,-1.0977740287780762
0,1,0.3467336595058441,0.5723897218704224
0,0,0.356783926486969,-1.1016725301742554
0,1,0.356783926486969,0.5665790438652039
0,0,0.3668341636657715,-1.1053552627563477
0,1,0.3668341636657715,0.5607835650444031
0,0,0.37688443064689636,-1.1088261604309082
0,1,0.37688443064689636,0.5551602244377136
0,0,0.38693466782569885,-1.1120892763137817
0,1,0.38693466782569885,0.5498659610748291
0,0,0.39698493480682373,-1.1151492595672607
0,1,0.39698493480682373,0.5450577139854431
0,0,0.4070351719856262,-1.1180100440979004
0,1,0.4070351719856262,0.540892481803894
0,0,0.4170854389667511,-1.1206756830215454
0,1,0.4170854389667511,0.5375271439552307
0,0,0.4271356761455536,-1.1231509447097778
0,1,0.4271356761455536,0.5351186990737915
0,0,0.43718594312667847,-1.1254397630691528
0,1,0.43718594312667847,0.5338240265846252
0,0,0.44723618030548096,-1.1275464296340942
0,1,0.44723618030548096,0.5338000655174255
0,0,0.45728641748428345,-1.1294751167297363
0,1,0.45728641748428345,0.5352038145065308
0,0,0.4673366844654083,-1.131230115890503
0,1,0.4673366844654083,0.5381922125816345
0,0,0.4773869216442108,-1.1328157186508179
0,1,0.4773869216442108,0.5429221391677856
0,0,0.4874371886253357,-1.1342360973358154
0,1,0.4874371886253357,0.5495506525039673
0,0,0.4974874258041382,-1.1354954242706299
0,1,0.4974874258041382,0.5582345724105835
0,0,0.5075376629829407,-1.1365987062454224
0,1,0.5075376629829407,0.5691059827804565
0,0,0.5175879597663879,-1.1375551223754883
0,1,0.5175879597663879,0.5820807814598083
0,0,0.5276381969451904,-1.1383765935897827
0,1,0.5276381969451904,0.5969628691673279
0,0,0.5376884341239929,-1.1390748023986816
0,1,0.5376884341239929,0.6135557889938354
0,0,0.5477386713027954,-1.1396619081497192
0,1,0.5477386713027954,0.6316627860069275
0,0,0.5577889680862427,-1.1401493549346924
0,1,0.5577889680862427,0.6510872840881348
0,0,0.5678392052650452,-1.1405493021011353
0,1,0.5678392052650452,0.6716325283050537
0,0,0.5778894424438477,-1.1408734321594238
0,1,0.5778894424438477,0.6931018233299255
0,0,0.5879396796226501,-1.1411336660385132
0,1,0.5879396796226501,0.715298593044281
0,0,0.5979899764060974,-1.1413415670394897
0,1,0.5979899764060974,0.7380261421203613
0,0,0.6080402135848999,-1.1415092945098877
0,1,0.6080402135848999,0.7610877752304077
0,0,0.6180904507637024,-1.141648530960083
0,1,0.6180904507637024,0.7842866778373718
0,0,0.6281406879425049,-1.1417711973190308
0,1,0.6281406879425049,0.8074263334274292
0,0,0.6381909251213074,-1.1418890953063965
0,1,0.6381909251213074,0.8303101062774658
0,0,0.6482412219047546,-1.1420137882232666
0,1,0.6482412219047546,0.8527413606643677
0,0,0.6582914590835571,-1.1421575546264648
0,1,0.6582914590835571,0.8745231628417969
0,0,0.6683416962623596,-1.1423319578170776
0,1,0.6683416962623596,0.8954590559005737
0,0,0.6783919334411621,-1.1425490379333496
0,1,0.6783919334411621,0.9153523445129395
0,0,0.6884422302246094,-1.1428203582763672
0,1,0.6884422302246094,0.93400639295578
0,0,0.6984924674034119,-1.143157720565796
0,1,0.6984924674034119,0.9512243270874023
0,0,0.7085427045822144,-1.14357328414917
0,1,0.7085427045822144,0.9668096303939819
0,0,0.7185929417610168,-1.1440788507461548
0,1,0.7185929417610168,0.9805656671524048
0,0,0.7286432385444641,-1.144685983657837
0,1,0.7286432385444641,0.9922958016395569
0,0,0.7386934757232666,-1.1454066038131714
0,1,0.7386934757232666,1.001802921295166
0,0,0.7487437129020691,-1.1462526321411133
0,1,0.7487437129020691,1.008890986442566
0,0,0.7587939500808716,-1.1472318172454834
0,1,0.7587939500808716,1.0134048461914062
0,0,0.7688442468643188,-1.1483306884765625
0,1,0.7688442468643188,1.0154337882995605
0,0,0.7788944840431213,-1.1495264768600464
0,1,0.7788944840431213,1.015155553817749
0,0,0.7889447212219238,-1.1507974863052368
0,1,0.7889447212219238,1.01274836063385
0,0,0.7989949584007263,-1.1521211862564087
0,1,0.7989949584007263,1.0083894729614258
0,0,0.8090452551841736,-1.1534757614135742
0,1,0.8090452551841736,1.0022573471069336
0,0,0.8190954923629761,-1.1548389196395874
0,1,0.8190954923629761,0.994529664516449
0,0,0.8291457295417786,-1.156188726425171
0,1,0.8291457295417786,0.9853841066360474
0,0,0.839195966720581,-1.1575026512145996
0,1,0.839195966720581,0.9749988317489624
0,0,0.8492462038993835,-1.1587588787078857
0,1,0.8492462038993835,0.96355140209198
0,0,0.8592965006828308,-1.1599351167678833
0,1,0.8592965006828308,0.951219916343689
0,0,0.8693467378616333,-1.1610093116760254
0,1,0.8693467378616333,0.9381822347640991
0,0,0.8793969750404358,-1.161959171295166
0,1,0.8793969750404358,0.9246162176132202
0,0,0.8894472122192383,-1.1627628803253174
0,1,0.8894472122192383,0.910699725151062
0,0,0.8994975090026855,-1.1633979082107544
0,1,0.8994975090026855,0.8966104388237
0,0,0.909547746181488,-1.1638425588607788
0,1,0.909547746181488,0.8825265765190125
0,0,0.9195979833602905,-1.1640743017196655
0,1,0.9195979833602905,0.8686257600784302
0,0,0.929648220539093,-1.1640708446502686
0,1,0.929648220539093,0.8550860285758972
0,0,0.9396985173225403,-1.1638108491897583
0,1,0.9396985173225403,0.842085063457489
0,0,0.9497487545013428,-1.1632715463638306
0,1,0.9497487545013428,0.8298008441925049
0,0,0.9597989916801453,-1.1624306440353394
0,1,0.9597989916801453,0.8184113502502441
0,0,0.9698492288589478,-1.1612666845321655
0,1,0.9698492288589478,0.8080942630767822
0,0,0.979899525642395,-1.1597568988800049
0,1,0.979899525642395,0.7990274429321289
0,0,0.9899497628211975,-1.15787935256958
0,1,0.9899497628211975,0.7913890480995178
0,0,1.0,-1.1556121110916138
0,1,1.0,0.7853566408157349
1,0,-1.0,2.5026159286499023
1,1,-1.0,-0.17500144243240356
1,0,-0.9899497628211975,2.483400583267212
1,1,-0.9899497628211975,-0.16487687826156616
1,0,-0.979899525642395,2.462630271911621
1,1,-0.979899525642395,-0.15594005584716797
1,0,-0.9698492288589478,2.4403188228607178
1,1,-0.9698492288589478,-0.14812159538269043
1,0,-0.9597989916801453,2.416482448577881
1,1,-0.9597989916801453,-0.1413518786430359
1,0,-0.9497487545013428,2.3911349773406982
1,1,-0.9497487545013428,-0.1355609893798828
1,0,-0.9396985173225403,2.3642921447753906
1,1,-0.9396985173225403,-0.13067960739135742
1,0,-0.929648220539093,2.335967540740967
1,1,-0.929648220539093,-0.12663793563842773
1,0,-0.9195979833602905,2.3061773777008057
1,1,-0.9195979833602905,-0.12336629629135132
1,0,-0.909547746181488,2.2749361991882324
1,1,-0.909547746181488,-0.12079524993896484
1,0,-0.8994975090026855,2.2422585487365723
1,1,-0.8994975090026855,-0.11885511875152588
1,0,-0.8894472122192383,2.2081594467163086
1,1,-0.8894472122192383,-0.11747616529464722
1,0,-0.8793969750404358,2.172654151916504
1,1,-0.8793969750404358,-0.11658883094787598
1,0,-0.8693467378616333,2.135756492614746
1,1,-0.8693467378616333,-0.11612361669540405
1,0,-0.8592965006828308,2.097482204437256
1,1,-0.8592965006828308,-0.11601066589355469
1,0,-0.8492462038993835,2.0578460693359375
1,1,-0.8492462038993835,-0.116180419921875
1,0,-0.839195966720581,2.016862392425537
1,1,-0.839195966720581,-0.11656332015991211
1,0,-0.8291457295417786,1.974547266960144
1,1,-0.8291457295417786,-0.11708980798721313
1,0,-0.8190954923629761,1.9309144020080566
1,1,-0.8190954923629761,-0.11769002676010132
1,0,-0.8090452551841736,1.885979413986206
1,1,-0.8090452551841736,-0.11829447746276855
1,0,-0.7989949584007263,1.8397557735443115
1,1,-0.7989949584007263,-0.11883366107940674
1,0,-0.7889447212219238,1.7922604084014893
1,1,-0.7889447212219238,-0.11923772096633911
1,0,-0.7788944840431213,1.743506908416748
1,1,-0.7788944840431213,-0.11943721771240234
1,0,-0.7688442468643188,1.6935102939605713
1,1,-0.7688442468643188,-0.11936238408088684
1,0,-0.7587939500808716,1.6422853469848633
1,1,-0.7587939500808716,-0.11894366145133972
1,0,-0.7487437129020691,1.5898478031158447
1,1,-0.7487437129020691,-0.11811143159866333
1,0,-0.7386934757232666,1.5362478494644165
1,1,-0.7386934757232666,-0.11682307720184326
1,0,-0.7286432385444641,1.48163640499115
1,1,-0.7286432385444641,-0.11510998010635376
1,0,-0.7185929417610168,1.4261811971664429
1,1,-0.7185929417610168,-0.11301633715629578
1,0,-0.7085427045822144,1.3700501918792725
1,1,-0.7085427045822144,-0.11058658361434937
1,0,-0.6984924674034119,1.3134113550186157
1,1,-0.6984924674034119,-0.10786470770835876
1,0,-0.6884422302246094,1.2564324140548706
1,1,-0.6884422302246094,-0.10489505529403687
1,0,-0.6783919334411621,1.1992802619934082
1,1,-0.6783919334411621,-0.1017218828201294
1,0,-0.6683416962623596,1.142124056816101
1,1,-0.6683416962623596,-0.09838935732841492
1,0,-0.6582914590835571,1.0851311683654785
1,1,-0.6582914590835571,-0.09494173526763916
1,0,-0.6482412219047546,1.0284690856933594
1,1,-0.6482412219047546,-0.09142321348190308
1,0,-0.6381909251213074,0.9723055362701416
1,1,-0.6381909251213074,-0.08787798881530762
1,0,-0.6281406879425049,0.9168086051940918
1,1,-0.6281406879425049,-0.08435028791427612
1,0,-0.6180904507637024,0.862146258354187
1,1,-0.6180904507637024,-0.08088445663452148
1,0,-0.6080402135848999,0.8084861040115356
1,1,-0.6080402135848999,-0.0775245726108551
1,0,-0.5979899764060974,0.7559956908226013
1,1,-0.5979899764060974,-0.07431498169898987
1,0,-0.5879396796226501,0.7048429846763611
1,1,-0.5879396796226501,-0.07129976153373718
1,0,-0.5778894424438477,0.6551960110664368
1,1,-0.5778894424438477,-0.06852331757545471
1,0,-0.5678392052650452,0.6072225570678711
1,1,-0.5678392052650452,-0.06602969765663147
1,0,-0.5577889680862427,0.5610901117324829
1,1,-0.5577889680862427,-0.06386330723762512
1,0,-0.5477386713027954,0.5169664621353149
1,1,-0.5477386713027954,-0.062068164348602295
1,0,-0.5376884341239929,0.4750198423862457
1,1,-0.5376884341239929,-0.06068870425224304
1,0,-0.5276381969451904,0.4354177415370941
1,1,-0.5276381969451904,-0.05976903438568115
1,0,-0.5175879597663879,0.39832803606987
1,1,-0.5175879597663879,-0.059353411197662354
1,0,-0.5075376629829407,0.3639182448387146
1,1,-0.5075376629829407,-0.059486061334609985
1,0,-0.4974874258041382,0.332355797290802
1,1,-0.4974874258041382,-0.0602109432220459
1,0,-0.4874371886253357,0.30369603633880615
1,1,-0.4874371886253357,-0.061542659997940063
1,0,-0.4773869216442108,0.2777782082557678
1,1,-0.4773869216442108,-0.0634390115737915
1,0,-0.4673366844654083,0.2544172704219818
1,1,-0.4673366844654083,-0.06585100293159485
1,0,-0.45728641748428345,0.23342756927013397
1,1,-0.45728641748428345,-0.06872975826263428
1,0,-0.44723618030548096,0.21462397277355194
1,1,-0.44723618030548096,-0.07202643156051636
1,0,-0.43718594312667847,0.1978209912776947
1,1,-0.43718594312667847,-0.0756920874118805
1,0,-0.4271356761455536,0.18283317983150482
1,1,-0.4271356761455536,-0.07967787981033325
1,0,-0.4170854389667511,0.1694752722978592
1,1,-0.4170854389667511,-0.08393500745296478
1,0,-0.4070351719856262,0.15756189823150635
1,1,-0.4070351719856262,-0.08841437101364136
1,0,-0.39698493480682373,0.14690765738487244
1,1,-0.39698493480682373,-0.0930672436952591
1,0,-0.38693466782569885,0.1373271495103836
1,1,-0.38693466782569885,-0.09784474968910217
1,0,-0.37688443064689636,0.12863501906394958
1,1,-0.37688443064689636,-0.10269795358181
1,0,-0.3668341636657715,0.12064589560031891
1,1,-0.3668341636657715,-0.10757800936698914
1,0,-0.356783926486969,0.1131744533777237
1,1,-0.356783926486969,-0.1124359518289566
1,0,-0.3467336595058441,0.10603523254394531
1,1,-0.3467336595058441,-0.11722296476364136
1,0,-0.3366834223270416,0.09904294461011887
1,1,-0.3366834223270416,-0.12189017236232758
1,0,-0.32663315534591675,0.09201212972402573
1,1,-0.32663315534591675,-0.12638863921165466
1,0,-0.31658291816711426,0.084757499396801
1,1,-0.31658291816711426,-0.13066953420639038
1,0,-0.3065326511859894,0.07709360867738724
1,1,-0.3065326511859894,-0.13468392193317413
1,0,-0.2964824140071869,0.06883513927459717
1,1,-0.2964824140071869,-0.13838297128677368
1,0,-0.286432147026062,0.059796690940856934
1,1,-0.286432147026062,-0.14171776175498962
1,0,-0.2763819098472595,0.04979296773672104
1,1,-0.2763819098472595,-0.14463940262794495
1,0,-0.26633167266845703,0.038638465106487274
1,1,-0.26633167266845703,-0.14709904789924622
1,0,-0.25628140568733215,0.026147864758968353
1,1,-0.25628140568733215,-0.14904777705669403
1,0,-0.24623115360736847,0.012138158082962036
1,1,-0.24623115360736847,-0.15043672919273376
1,0,-0.23618090152740479,-0.003467366099357605
1,1,-0.23618090152740479,-0.15121692419052124
1,0,-0.2261306494474411,-0.020597878843545914
1,1,-0.2261306494474411,-0.1513393372297287
1,0,-0.21608039736747742,-0.03917178511619568
1,1,-0.21608039736747742,-0.1507548987865448
1,0,-0.20603014528751373,-0.05910739302635193
1,1,-0.20603014528751373,-0.1494145393371582
1,0,-0.19597989320755005,-0.08032295107841492
1,1,-0.19597989320755005,-0.14726921916007996
1,0,-0.18592964112758636,-0.10273685306310654
1,1,-0.18592964112758636,-0.1442698836326599
1,0,-0.17587940394878387,-0.12626737356185913
1,1,-0.17587940394878387,-0.14036746323108673
1,0,-0.1658291518688202,-0.15083293616771698
1,1,-0.1658291518688202,-0.13551290333271027
1,0,-0.1557788997888565,-0.17635178565979004
1,1,-0.1557788997888565,-0.12965713441371918
1,0,-0.14572864770889282,-0.20274227857589722
1,1,-0.14572864770889282,-0.12275110930204391
1,0,-0.13567839562892914,-0.22992272675037384
1,1,-0.13567839562892914,-0.11474578082561493
1,0,-0.12562814354896545,-0.2578114867210388
1,1,-0.12562814354896545,-0.10559207201004028
1,0,-0.11557789146900177,-0.2863268256187439
1,1,-0.11557789146900177,-0.09524093568325043
1,0,-0.10552763938903809,-0.31538712978363037
1,1,-0.10552763938903809,-0.08364330977201462
1,0,-0.0954773873090744,-0.3449106812477112
1,1,-0.0954773873090744,-0.07075013220310211
1,0,-0.08542713522911072,-0.3748158812522888
1,1,-0.08542713522911072,-0.05651235580444336
1,0,-0.07537688314914703,-0.4050210118293762
1,1,-0.07537688314914703,-0.04088091850280762
1,0,-0.06532663106918335,-0.43544432520866394
1,1,-0.06532663106918335,-0.023806754499673843
1,0,-0.055276382714509964,-0.466004341840744
1,1,-0.055276382714509964,-0.005240831524133682
1,0,-0.04522613063454628,-0.49661916494369507
1,1,-0.04522613063454628,0.014865949749946594
1,0,-0.035175878554582596,-0.5272073149681091
1,1,-0.035175878554582596,0.03656261786818504
1,0,-0.02512562833726406,-0.5576868653297424
1,1,-0.02512562833726406,0.05989823490381241
1,0,-0.015075377188622952,-0.5879763960838318
1,1,-0.015075377188622952,0.08492185920476913
1,0,-0.005025125574320555,-0.6179942488670349
1,1,-0.005025125574320555,0.11168256402015686
1,0,0.005025125574320555,-0.6476597189903259
1,1,0.005025125574320555,0.14022383093833923
1,0,0.015075377188622952,-0.6769210696220398
1,1,0.015075377188622952,0.17046231031417847
1,0,0.02512562833726406,-0.7057546973228455
1,1,0.02512562833726406,0.20218761265277863
1,0,0.035175878554582596,-0.7341383099555969
1,1,0.035175878554582596,0.2351837307214737
1,0,0.04522613063454628,-0.762049674987793
1,1,0.04522613063454628,0.26923489570617676
1,0,0.055276382714509964,-0.7894665598869324
1,1,0.055276382714509964,0.3041251003742218
1,0,0.06532663106918335,-0.8163666129112244
1,1,0.06532663106918335,0.33963847160339355
1,0,0.07537688314914703,-0.8427274227142334
1,1,0.07537688314914703,0.37555909156799316
1,0,0.08542713522911072,-0.8685269951820374
1,1,0.08542713522911072,0.41167116165161133
1,0,0.0954773873090744,-0.8937427997589111
1,1,0.0954773873090744,0.4477585554122925
1,0,0.10552763938903809,-0.9183528423309326
1,1,0.10552763938903809,0.48360559344291687
1,0,0.11557789146900177,-0.9423345923423767
1,1,0.11557789146900177,0.5189962387084961
1,0,0.12562814354896545,-0.9656658172607422
1,1,0.12562814354896545,0.5537145733833313
1,0,0.13567839562892914,-0.9883242845535278
1,1,0.13567839562892914,0.5875447392463684
1,0,0.14572864770889282,-1.0102877616882324
1,1,0.14572864770889282,0.620270848274231
1,0,0.1557788997888565,-1.03153395652771
1,1,0.1557788997888565,0.6516770124435425
1,0,0.1658291518688202,-1.0520405769348145
1,1,0.1658291518688202,0.6815472841262817
1,0,0.17587940394878387,-1.0717853307724
1,1,0.17587940394878387,0.7096657156944275
1,0,0.18592964112758636,-1.0907455682754517
1,1,0.18592964112758636,0.7358164191246033
1,0,0.19597989320755005,-1.108899712562561
1,1,0.19597989320755005,0.7597834467887878
1,0,0.20603014528751373,-1.1262249946594238
1,1,0.20603014528751373,0.7813511490821838
1,0,0.21608039736747742,-1.1426993608474731
1,1,0.21608039736747742,0.8003033399581909
1,0,0.2261306494474411,-1.158300518989563
1,1,0.2261306494474411,0.8164241313934326
1,0,0.23618090152740479,-1.1730061769485474
1,1,0.23618090152740479,0.8294978141784668
1,0,0.24623115360736847,-1.1867940425872803
1,1,0.24623115360736847,0.8393082618713379
1,0,0.25628140568733215,-1.1996434926986694
1,1,0.25628140568733215,0.845659613609314
1,0,0.26633167266845703,-1.2115637063980103
1,1,0.26633167266845703,0.8486262559890747
1,0,0.2763819098472595,-1.2225831747055054
1,1,0.2763819098472595,0.8484779596328735
1,0,0.286432147026062,-1.2327313423156738
1,1,0.286432147026062,0.8454883098602295
1,0,0.2964824140071869,-1.2420376539230347
1,1,0.2964824140071869,0.8399312496185303
1,0,0.3065326511859894,-1.2505314350128174
1,1,0.3065326511859894,0.8320804834365845
1,0,0.31658291816711426,-1.2582422494888306
1,1,0.31658291816711426,0.8222098350524902
1,0,0.32663315534591675,-1.2651989459991455
1,1,0.32663315534591675,0.8105931282043457
1,0,0.3366834223270416,-1.271431803703308
1,1,0.3366834223270416,0.7975043058395386
1,0,0.3467336595058441,-1.2769695520401
1,1,0.3467336595058441,0.7832168340682983
1,0,0.356783926486969,-1.2818418741226196
1,1,0.356783926486969,0.7680047750473022
1,0,0.3668341636657715,-1.2860779762268066
1,1,0.3668341636657715,0.7521419525146484
1,0,0.37688443064689636,-1.2897075414657593
1,1,0.37688443064689636,0.735901951789856
1,0,0.38693466782569885,-1.292759656906128
1,1,0.38693466782569885,0.719558835029602
1,0,0.39698493480682373,-1.2952638864517212
1,1,0.39698493480682373,0.7033861875534058
1,0,0.4070351719856262,-1.2972495555877686
1,1,0.4070351719856262,0.6876579523086548
1,0,0.4170854389667511,-1.29874587059021
1,1,0.4170854389667511,0.6726477742195129
1,0,0.4271356761455536,-1.2997827529907227
1,1,0.4271356761455536,0.6586297750473022
1,0,0.43718594312667847,-1.300389289855957
1,1,0.43718594312667847,0.6458774209022522
1,0,0.44723618030548096,-1.3005948066711426
1,1,0.44723618030548096,0.63466477394104
1,0,0.45728641748428345,-1.3004287481307983
1,1,0.45728641748428345,0.62526535987854
1,0,0.4673366844654083,-1.2999205589294434
1,1,0.4673366844654083,0.6179532408714294
1,0,0.4773869216442108,-1.2990999221801758
1,1,0.4773869216442108,0.6130020618438721
1,0,0.4874371886253357,-1.2979955673217773
1,1,0.4874371886253357,0.6106857061386108
1,0,0.4974874258041382,-1.2966374158859253
1,1,0.4974874258041382,0.6112779974937439
1,0,0.5075376629829407,-1.2950527667999268
1,1,0.5075376629829407,0.615022599697113
1,0,0.5175879597663879,-1.293251872062683
1,1,0.5175879597663879,0.62190181016922
1,0,0.5276381969451904,-1.291236162185669
1,1,0.5276381969451904,0.631763219833374
1,0,0.5376884341239929,-1.2890070676803589
1,1,0.5376884341239929,0.6444531083106995
1,0,0.5477386713027954,-1.286566138267517
1,1,0.5477386713027954,0.6598181128501892
1,0,0.5577889680862427,-1.28391432762146
1,1,0.5577889680862427,0.6777046918869019
1,0,0.5678392052650452,-1.2810534238815308
1,1,0.5678392052650452,0.6979590654373169
1,0,0.5778894424438477,-1.277984857559204
1,1,0.5778894424438477,0.7204278707504272
1,0,0.5879396796226501,-1.2747101783752441
1,1,0.5879396796226501,0.7449575066566467
1,0,0.5979899764060974,-1.2712301015853882
1,1,0.5979899764060974,0.7713945508003235
1,0,0.6080402135848999,-1.2675468921661377
1,1,0.6080402135848999,0.799585223197937
1,0,0.6180904507637024,-1.2636610269546509
1,1,0.6180904507637024,0.8293761014938354
1,0,0.6281406879425049,-1.2595746517181396
1,1,0.6281406879425049,0.8606135845184326
1,0,0.6381909251213074,-1.2552889585494995
1,1,0.6381909251213074,0.8931441307067871
1,0,0.6482412219047546,-1.2508050203323364
1,1,0.6482412219047546,0.9268144965171814
1,0,0.6582914590835571,-1.2461247444152832
1,1,0.6582914590835571,0.9614705443382263
1,0,0.6683416962623596,-1.2412490844726562
1,1,0.6683416962623596,0.9969590902328491
1,0,0.6783919334411621,-1.2361797094345093
1,1,0.6783919334411621,1.0331264734268188
1,0,0.6884422302246094,-1.2309179306030273
1,1,0.6884422302246094,1.069819450378418
1,0,0.6984924674034119,-1.225465178489685
1,1,0.6984924674034119,1.1068840026855469
1,0,0.7085427045822144,-1.2198227643966675
1,1,0.7085427045822144,1.1441668272018433
1,0,0.7185929417610168,-1.2139922380447388
1,1,0.7185929417610168,1.1815142631530762
1,0,0.7286432385444641,-1.2079747915267944
1,1,0.7286432385444641,1.2187731266021729
1,0,0.7386934757232666,-1.2017719745635986
1,1,0.7386934757232666,1.2557892799377441
1,0,0.7487437129020691,-1.1953850984573364
1,1,0.7487437129020691,1.2924094200134277
1,0,0.7587939500808716,-1.1888158321380615
1,1,0.7587939500808716,1.3284865617752075
1,0,0.7688442468643188,-1.1820653676986694
1,1,0.7688442468643188,1.3639118671417236
1,0,0.7788944840431213,-1.1751354932785034
1,1,0.7788944840431213,1.3985893726348877
1,0,0.7889447212219238,-1.1680275201797485
1,1,0.7889447212219238,1.4324238300323486
1,0,0.7989949584007263,-1.1607431173324585
1,1,0.7989949584007263,1.465320110321045
1,0,0.8090452551841736,-1.1532835960388184
1,1,0.8090452551841736,1.497182846069336
1,0,0.8190954923629761,-1.14565110206604
1,1,0.8190954923629761,1.5279161930084229
1,0,0.8291457295417786,-1.13784658908844
1,1,0.8291457295417786,1.5574251413345337
1,0,0.839195966720581,-1.1298719644546509
1,1,0.839195966720581,1.5856142044067383
1,0,0.8492462038993835,-1.121728539466858
1,1,0.8492462038993835,1.612388014793396
1,0,0.8592965006828308,-1.1134179830551147
1,1,0.8592965006828308,1.6376514434814453
1,0,0.8693467378616333,-1.104941964149475
1,1,0.8693467378616333,1.6613085269927979
1,0,0.8793969750404358,-1.0963016748428345
1,1,0.8793969750404358,1.6832644939422607
1,0,0.8894472122192383,-1.0874990224838257
1,1,0.8894472122192383,1.7034236192703247
1,0,0.8994975090026855,-1.0785354375839233
1,1,0.8994975090026855,1.7216906547546387
1,0,0.909547746181488,-1.0694122314453125
1,1,0.909547746181488,1.7379698753356934
1,0,0.9195979833602905,-1.0601311922073364
1,1,0.9195979833602905,1.7521662712097168
1,0,0.929648220539093,-1.0506939888000488
1,1,0.929648220539093,1.764184594154358
1,0,0.9396985173225403,-1.0411019325256348
1,1,0.9396985173225403,1.7739291191101074
1,0,0.9497487545013428,-1.031356692314148
1,1,0.9497487545013428,1.7813043594360352
1,0,0.9597989916801453,-1.0214598178863525
1,1,0.9597989916801453,1.7862155437469482
1,0,0.9698492288589478,-1.0114127397537231
1,1,0.9698492288589478,1.7885665893554688
1,0,0.979899525642395,-1.0012171268463135
1,1,0.979899525642395,1.7882626056671143
1,0,0.9899497628211975,-0.9908745288848877
1,1,0.9899497628211975,1.785207986831665
1,0,1.0,-0.98038649559021
1,1,1.0,1.7793071269989014
2,0,-1.0,2.4978089332580566
2,1,-1.0,-0.09642839431762695
2,0,-0.9899497628211975,2.474194288253784
2,1,-0.9899497628211975,-0.08319836854934692
2,0,-0.979899525642395,2.4490034580230713
2,1,-0.979899525642395,-0.07146674394607544
2,0,-0.9698492288589478,2.4222569465637207
2,1,-0.9698492288589478,-0.061146080493927
2,0,-0.9597989916801453,2.3939766883850098
2,1,-0.9597989916801453,-0.05214846134185791
2,0,-0.9497487545013428,2.364184856414795
2,1,-0.9497487545013428,-0.04438614845275879
2,0,-0.9396985173225403,2.332902431488037
2,1,-0.9396985173225403,-0.03777158260345459
2,0,-0.929648220539093,2.3001503944396973
2,1,-0.929648220539093,-0.03221684694290161
2,0,-0.9195979833602905,2.265951156616211
2,1,-0.9195979833602905,-0.027634263038635254
2,0,-0.909547746181488,2.2303261756896973
2,1,-0.909547746181488,-0.023936033248901367
2,0,-0.8994975090026855,2.193296432495117
2,1,-0.8994975090026855,-0.021034717559814453
2,0,-0.8894472122192383,2.154883861541748
2,1,-0.8894472122192383,-0.018842220306396484
2,0,-0.8793969750404358,2.115110158920288
2,1,-0.8793969750404358,-0.017271041870117188
2,0,-0.8693467378616333,2.0739965438842773
2,1,-0.8693467378616333,-0.016233503818511963
2,0,-0.8592965006828308,2.031564235687256
2,1,-0.8592965006828308,-0.015641629695892334
2,0,-0.8492462038993835,1.987835168838501
2,1,-0.8492462038993835,-0.015407800674438477
2,0,-0.839195966720581,1.9428311586380005
2,1,-0.839195966720581,-0.015444278717041016
2,0,-0.8291457295417786,1.8965733051300049
2,1,-0.8291457295417786,-0.015663444995880127
2,0,-0.8190954923629761,1.849083423614502
2,1,-0.8190954923629761,-0.015977442264556885
2,0,-0.8090452551841736,1.8003827333450317
2,1,-0.8090452551841736,-0.016298532485961914
2,0,-0.7989949584007263,1.750492811203003
2,1,-0.7989949584007263,-0.016539156436920166
2,0,-0.7889447212219238,1.6994354724884033
2,1,-0.7889447212219238,-0.01661139726638794
2,0,-0.7788944840431213,1.6472322940826416
2,1,-0.7788944840431213,-0.016427576541900635
2,0,-0.7688442468643188,1.5939042568206787
2,1,-0.7688442468643188,-0.015900015830993652
2,0,-0.7587939500808716,1.539473295211792
2,1,-0.7587939500808716,-0.014940917491912842
2,0,-0.7487437129020691,1.4839612245559692
2,1,-0.7487437129020691,-0.013462662696838379
2,0,-0.7386934757232666,1.4274237155914307
2,1,-0.7386934757232666,-0.011412441730499268
2,0,-0.7286432385444641,1.3700125217437744
2,1,-0.7286432385444641,-0.008834242820739746
2,0,-0.7185929417610168,1.3118951320648193
2,1,-0.7185929417610168,-0.005788445472717285
2,0,-0.7085427045822144,1.2532399892807007
2,1,-0.7085427045822144,-0.002335488796234131
2,0,-0.6984924674034119,1.1942143440246582
2,1,-0.6984924674034119,0.0014641284942626953
2,0,-0.6884422302246094,1.1349865198135376
2,1,-0.6884422302246094,0.005550116300582886
2,0,-0.6783919334411621,1.0757235288619995
2,1,-0.6783919334411621,0.009861886501312256
2,0,-0.6683416962623596,1.0165941715240479
2,1,-0.6683416962623596,0.014339059591293335
2,0,-0.6582914590835571,0.9577658772468567
2,1,-0.6582914590835571,0.01892128586769104
2,0,-0.6482412219047546,0.8994064331054688
2,1,-0.6482412219047546,0.023547977209091187
2,0,-0.6381909251213074,0.8416835069656372
2,1,-0.6381909251213074,0.028158903121948242
2,0,-0.6281406879425049,0.7847654223442078
2,1,-0.6281406879425049,0.03269347548484802
2,0,-0.6180904507637024,0.7288196682929993
2,1,-0.6180904507637024,0.037091225385665894
2,0,-0.6080402135848999,0.6740143299102783
2,1,-0.6080402135848999,0.04129195213317871
2,0,-0.5979899764060974,0.6205168962478638
2,1,-0.5979899764060974,0.04523497819900513
2,0,-0.5879396796226501,0.5684950947761536
2,1,-0.5879396796226501,0.04885992407798767
2,0,-0.5778894424438477,0.5181174278259277
2,1,-0.5778894424438477,0.05210646986961365
2,0,-0.5678392052650452,0.469551146030426
2,1,-0.5678392052650452,0.05491405725479126
2,0,-0.5577889680862427,0.42296433448791504
2,1,-0.5577889680862427,0.057222336530685425
2,0,-0.5477386713027954,0.37852466106414795
2,1,-0.5477386713027954,0.058970898389816284
2,0,-0.5376884341239929,0.33640018105506897
2,1,-0.5376884341239929,0.06009918451309204
2,0,-0.5276381969451904,0.29675862193107605
2,1,-0.5276381969451904,0.06054684519767761
2,0,-0.5175879597663879,0.2597677707672119
2,1,-0.5175879597663879,0.060253411531448364
2,0,-0.5075376629829407,0.22559532523155212
2,1,-0.5075376629829407,0.059158504009246826
2,0,-0.4974874258041382,0.19440855085849762
2,1,-0.4974874258041382,0.05720201134681702
2,0,-0.4874371886253357,0.16625835001468658
2,1,-0.4874371886253357,0.054370880126953125
2,0,-0.4773869216442108,0.140970841050148
2,1,-0.4773869216442108,0.05074268579483032
2,0,-0.4673366844654083,0.1183466762304306
2,1,-0.4673366844654083,0.04640573263168335
2,0,-0.45728641748428345,0.09818604588508606
2,1,-0.45728641748428345,0.04144832491874695
2,0,-0.44723618030548096,0.08028960227966309
2,1,-0.44723618030548096,0.03595861792564392
2,0,-0.43718594312667847,0.06445761024951935
2,1,-0.43718594312667847,0.03002488613128662
2,0,-0.4271356761455536,0.050490498542785645
2,1,-0.4271356761455536,0.023735344409942627
2,0,-0.4170854389667511,0.038188785314559937
2,1,-0.4170854389667511,0.01717814803123474
2,0,-0.4070351719856262,0.027352795004844666
2,1,-0.4070351719856262,0.01044166088104248
2,0,-0.39698493480682373,0.01778300106525421
2,1,-0.39698493480682373,0.003614068031311035
2,0,-0.38693466782569885,0.009279772639274597
2,1,-0.38693466782569885,-0.0032165050506591797
2,0,-0.37688443064689636,0.0016435682773590088
2,1,-0.37688443064689636,-0.009961754083633423
2,0,-0.3668341636657715,-0.005325198173522949
2,1,-0.3668341636657715,-0.01653340458869934
2,0,-0.356783926486969,-0.011826075613498688
2,1,-0.356783926486969,-0.022843241691589355
2,0,-0.3467336595058441,-0.01805872470140457
2,1,-0.3467336595058441,-0.02880305051803589
2,0,-0.3366834223270416,-0.024222642183303833
2,1,-0.3366834223270416,-0.034324660897254944
2,0,-0.32663315534591675,-0.030517466366291046
2,1,-0.32663315534591675,-0.0393197238445282
2,0,-0.31658291816711426,-0.037142716348171234
2,1,-0.31658291816711426,-0.04370009899139404
2,0,-0.3065326511859894,-0.04429805278778076
2,1,-0.3065326511859894,-0.047377511858940125
2,0,-0.2964824140071869,-0.05218297243118286
2,1,-0.2964824140071869,-0.05026377737522125
2,0,-0.286432147026062,-0.0609971284866333
2,1,-0.286432147026062,-0.05227062106132507
2,0,-0.2763819098472595,-0.07094001770019531
2,1,-0.2763819098472595,-0.053309813141822815
2,0,-0.26633167266845703,-0.08221127837896347
2,1,-0.26633167266845703,-0.05329318344593048
2,0,-0.25628140568733215,-0.09501048922538757
2,1,-0.25628140568733215,-0.05213242769241333
2,0,-0.24623115360736847,-0.10953454673290253
2,1,-0.24623115360736847,-0.04974040389060974
2,0,-0.23618090152740479,-0.12585802376270294
2,1,-0.23618090152740479,-0.04607897996902466
2,0,-0.2261306494474411,-0.14388594031333923
2,1,-0.2261306494474411,-0.04117780923843384
2,0,-0.21608039736747742,-0.16351082921028137
2,1,-0.21608039736747742,-0.03507162630558014
2,0,-0.20603014528751373,-0.18462523818016052
2,1,-0.20603014528751373,-0.02779512107372284
2,0,-0.19597989320755005,-0.20712155103683472
2,1,-0.19597989320755005,-0.019383080303668976
2,0,-0.18592964112758636,-0.2308923900127411
2,1,-0.18592964112758636,-0.009870171546936035
2,0,-0.17587940394878387,-0.25583016872406006
2,1,-0.17587940394878387,0.000708848237991333
2,0,-0.1658291518688202,-0.28182747960090637
2,1,-0.1658291518688202,0.012319296598434448
2,0,-0.1557788997888565,-0.30877670645713806
2,1,-0.1557788997888565,0.02492643892765045
2,0,-0.14572864770889282,-0.3365705609321594
2,1,-0.14572864770889282,0.038495540618896484
2,0,-0.13567839562892914,-0.36510130763053894
2,1,-0.13567839562892914,0.05299188941717148
2,0,-0.12562814354896545,-0.3942616581916809
2,1,-0.12562814354896545,0.06838079541921616
2,0,-0.11557789146900177,-0.42394402623176575
2,1,-0.11557789146900177,0.08462750166654587
2,0,-0.10552763938903809,-0.45404088497161865
2,1,-0.10552763938903809,0.10169730335474014
2,0,-0.0954773873090744,-0.4844447672367096
2,1,-0.0954773873090744,0.11955546587705612
2,0,-0.08542713522911072,-0.5150482654571533
2,1,-0.08542713522911072,0.13816726207733154
2,0,-0.07537688314914703,-0.5457437634468079
2,1,-0.07537688314914703,0.15749801695346832
2,0,-0.06532663106918335,-0.5764238834381104
2,1,-0.06532663106918335,0.1775130033493042
2,0,-0.055276382714509964,-0.6069810390472412
2,1,-0.055276382714509964,0.19817745685577393
2,0,-0.04522613063454628,-0.6373076438903809
2,1,-0.04522613063454628,0.2194567173719406
2,0,-0.035175878554582596,-0.6672964692115784
2,1,-0.035175878554582596,0.24131596088409424
2,0,-0.02512562833726406,-0.6968397498130798
2,1,-0.02512562833726406,0.2637206017971039
2,0,-0.015075377188622952,-0.7258301973342896
2,1,-0.015075377188622952,0.2866358160972595
2,0,-0.005025125574320555,-0.7541602253913879
2,1,-0.005025125574320555,0.31002694368362427
2,0,0.005025125574320555,-0.7817248106002808
2,1,0.005025125574320555,0.3338579535484314
2,0,0.015075377188622952,-0.8084728717803955
2,1,0.015075377188622952,0.3580636978149414
2,0,0.02512562833726406,-0.8344082832336426
2,1,0.02512562833726406,0.3825497627258301
2,0,0.035175878554582596,-0.8595371246337891
2,1,0.035175878554582596,0.4072205722332001
2,0,0.04522613063454628,-0.8838648796081543
2,1,0.04522613063454628,0.4319804012775421
2,0,0.055276382714509964,-0.9073978662490845
2,1,0.055276382714509964,0.45673367381095886
2,0,0.06532663106918335,-0.930141806602478
2,1,0.06532663106918335,0.48138463497161865
2,0,0.07537688314914703,-0.9521028399467468
2,1,0.07537688314914703,0.5058377385139465
2,0,0.08542713522911072,-0.9732868075370789
2,1,0.08542713522911072,0.5299973487854004
2,0,0.0954773873090744,-0.9936996698379517
2,1,0.0954773873090744,0.5537678003311157
2,0,0.10552763938903809,-1.0133475065231323
2,1,0.10552763938903809,0.5770533680915833
2,0,0.11557789146900177,-1.0322357416152954
2,1,0.11557789146900177,0.599758505821228
2,0,0.12562814354896545,-1.0503710508346558
2,1,0.12562814354896545,0.6217874884605408
2,0,0.13567839562892914,-1.0677589178085327
2,1,0.13567839562892914,0.6430447101593018
2,0,0.14572864770889282,-1.084405541419983
2,1,0.14572864770889282,0.663434624671936
2,0,0.1557788997888565,-1.1003166437149048
2,1,0.1557788997888565,0.6828615069389343
2,0,0.1658291518688202,-1.115498423576355
2,1,0.1658291518688202,0.7012295722961426
2,0,0.17587940394878387,-1.1299564838409424
2,1,0.17587940394878387,0.7184433937072754
2,0,0.18592964112758636,-1.143696904182434
2,1,0.18592964112758636,0.7344071865081787
2,0,0.19597989320755005,-1.1567258834838867
2,1,0.19597989320755005,0.7490253448486328
2,0,0.20603014528751373,-1.1690489053726196
2,1,0.20603014528751373,0.762202262878418
2,0,0.21608039736747742,-1.180672526359558
2,1,0.21608039736747742,0.7738422155380249
2,0,0.2261306494474411,-1.191602110862732
2,1,0.2261306494474411,0.7838496565818787
2,0,0.23618090152740479,-1.2018439769744873
2,1,0.23618090152740479,0.7921289205551147
2,0,0.24623115360736847,-1.2114038467407227
2,1,0.24623115360736847,0.7985843420028687
2,0,0.25628140568733215,-1.2202881574630737
2,1,0.25628140568733215,0.803128719329834
2,0,0.26633167266845703,-1.2285100221633911
2,1,0.26633167266845703,0.8057941794395447
2,0,0.2763819098472595,-1.2360873222351074
2,1,0.2763819098472595,0.8066972494125366
2,0,0.286432147026062,-1.243037462234497
2,1,0.286432147026062,0.8059569597244263
2,0,0.2964824140071869,-1.2493786811828613
2,1,0.2964824140071869,0.8036922216415405
2,0,0.3065326511859894,-1.2551285028457642
2,1,0.3065326511859894,0.8000217080116272
2,0,0.31658291816711426,-1.2603049278259277
2,1,0.31658291816711426,0.7950643301010132
2,0,0.32663315534591675,-1.2649255990982056
2,1,0.32663315534591675,0.7889389395713806
2,0,0.3366834223270416,-1.2690086364746094
2,1,0.3366834223270416,0.7817643880844116
2,0,0.3467336595058441,-1.2725716829299927
2,1,0.3467336595058441,0.7736595273017883
2,0,0.356783926486969,-1.2756328582763672
2,1,0.356783926486969,0.7647432088851929
2,0,0.3668341636657715,-1.2782094478607178
2,1,0.3668341636657715,0.7551343441009521
2,0,0.37688443064689636,-1.2803195714950562
2,1,0.37688443064689636,0.744951605796814
2,0,0.38693466782569885,-1.2819812297821045
2,1,0.38693466782569885,0.73431396484375
2,0,0.39698493480682373,-1.2832119464874268
2,1,0.39698493480682373,0.7233402729034424
2,0,0.4070351719856262,-1.2840297222137451
2,1,0.4070351719856262,0.7121492624282837
2,0,0.4170854389667511,-1.284452199935913
2,1,0.4170854389667511,0.7008599042892456
2,0,0.4271356761455536,-1.2844974994659424
2,1,0.4271356761455536,0.6895910501480103
2,0,0.43718594312667847,-1.284183382987976
2,1,0.43718594312667847,0.678461492061615
2,0,0.44723618030548096,-1.2835274934768677
2,1,0.44723618030548096,0.6675901412963867
2,0,0.45728641748428345,-1.282547950744629
2,1,0.45728641748428345,0.657095730304718
2,0,0.4673366844654083,-1.2812620401382446
2,1,0.4673366844654083,0.6470971703529358
2,0,0.4773869216442108,-1.2796884775161743
2,1,0.4773869216442108,0.6377133131027222
2,0,0.4874371886253357,-1.2778441905975342
2,1,0.4874371886253357,0.6290630102157593
2,0,0.4974874258041382,-1.275747537612915
2,1,0.4974874258041382,0.6212650537490845
2,0,0.5075376629829407,-1.2734159231185913
2,1,0.5075376629829407,0.6144256591796875
2,0,0.5175879597663879,-1.2708646059036255
2,1,0.5175879597663879,0.6085394620895386
2,0,0.5276381969451904,-1.268107533454895
2,1,0.5276381969451904,0.6035441756248474
2,0,0.5376884341239929,-1.265159010887146
2,1,0.5376884341239929,0.599376916885376
2,0,0.5477386713027954,-1.2620327472686768
2,1,0.5477386713027954,0.5959746837615967
2,0,0.5577889680862427,-1.2587428092956543
2,1,0.5577889680862427,0.593274712562561
2,0,0.5678392052650452,-1.2553035020828247
2,1,0.5678392052650452,0.5912139415740967
2,0,0.5778894424438477,-1.2517286539077759
2,1,0.5778894424438477,0.5897296667098999
2,0,0.5879396796226501,-1.2480323314666748
2,1,0.5879396796226501,0.5887588262557983
2,0,0.5979899764060974,-1.2442286014556885
2,1,0.5979899764060974,0.5882385969161987
2,0,0.6080402135848999,-1.2403315305709839
2,1,0.6080402135848999,0.5881061553955078
2,0,0.6180904507637024,-1.2363547086715698
2,1,0.6180904507637024,0.5882984399795532
2,0,0.6281406879425049,-1.2323129177093506
2,1,0.6281406879425049,0.5887526869773865
2,0,0.6381909251213074,-1.2282198667526245
2,1,0.6381909251213074,0.5894059538841248
2,0,0.6482412219047546,-1.22408926486969
2,1,0.6482412219047546,0.59019535779953
2,0,0.6582914590835571,-1.219935417175293
2,1,0.6582914590835571,0.5910578966140747
2,0,0.6683416962623596,-1.2157725095748901
2,1,0.6683416962623596,0.5919308662414551
2,0,0.6783919334411621,-1.2116143703460693
2,1,0.6783919334411621,0.5927512645721436
2,0,0.6884422302246094,-1.2074753046035767
2,1,0.6884422302246094,0.5934562087059021
2,0,0.6984924674034119,-1.203368902206421
2,1,0.6984924674034119,0.5939827561378479
2,0,0.7085427045822144,-1.1993093490600586
2,1,0.7085427045822144,0.5942680835723877
2,0,0.7185929417610168,-1.1953108310699463
2,1,0.7185929417610168,0.5942492485046387
2,0,0.7286432385444641,-1.1913872957229614
2,1,0.7286432385444641,0.5938633680343628
2,0,0.7386934757232666,-1.1875526905059814
2,1,0.7386934757232666,0.593047559261322
2,0,0.7487437129020691,-1.1838210821151733
2,1,0.7487437129020691,0.5917388796806335
2,0,0.7587939500808716,-1.1802033185958862
2,1,0.7587939500808716,0.5898880958557129
2,0,0.7688442468643188,-1.1766893863677979
2,1,0.7688442468643188,0.587524950504303
2,0,0.7788944840431213,-1.1732624769210815
2,1,0.7788944840431213,0.5847082138061523
2,0,0.7889447212219238,-1.169905424118042
2,1,0.7889447212219238,0.5814964771270752
2,0,0.7989949584007263,-1.1666011810302734
2,1,0.7989949584007263,0.5779483914375305
2,0,0.8090452551841736,-1.1633330583572388
2,1,0.8090452551841736,0.5741224884986877
2,0,0.8190954923629761,-1.1600837707519531
2,1,0.8190954923629761,0.5700774788856506
2,0,0.8291457295417786,-1.156836748123169
2,1,0.8291457295417786,0.565872073173523
2,0,0.839195966720581,-1.1535742282867432
2,1,0.839195966720581,0.5615646839141846
2,0,0.8492462038993835,-1.1502796411514282
2,1,0.8492462038993835,0.5572142004966736
2,0,0.8592965006828308,-1.1469359397888184
2,1,0.8592965006828308,0.5528791546821594
2,0,0.8693467378616333,-1.143526315689087
2,1,0.8693467378616333,0.5486181974411011
2,0,0.8793969750404358,-1.1400336027145386
2,1,0.8793969750404358,0.544489860534668
2,0,0.8894472122192383,-1.1364407539367676
2,1,0.8894472122192383,0.5405529141426086
2,0,0.8994975090026855,-1.1327307224273682
2,1,0.8994975090026855,0.5368659496307373
2,0,0.909547746181488,-1.1288866996765137
2,1,0.909547746181488,0.5334875583648682
2,0,0.9195979833602905,-1.1248912811279297
2,1,0.9195979833602905,0.530476450920105
2,0,0.929648220539093,-1.1207278966903687
2,1,0.929648220539093,0.5278912782669067
2,0,0.9396985173225403,-1.1163794994354248
2,1,0.9396985173225403,0.5257905721664429
2,0,0.9497487545013428,-1.1118288040161133
2,1,0.9497487545013428,0.5242329835891724
2,0,0.9597989916801453,-1.1070590019226074
2,1,0.9597989916801453,0.5232772827148438
2,0,0.9698492288589478,-1.102053165435791
2,1,0.9698492288589478,0.5229818820953369
2,0,0.979899525642395,-1.0967942476272583
2,1,0.979899525642395,0.5234056115150452
2,0,0.9899497628211975,-1.091265082359314
2,1,0.9899497628211975,0.5246070623397827
2,0,1.0,-1.0854487419128418
2,1,1.0,0.5266448855400085
3,0,-1.0,2.6276235580444336
3,1,-1.0,0.13725972175598145
3,0,-0.9899497628211975,2.5931782722473145
3,1,-0.9899497628211975,0.14459919929504395
3,0,-0.979899525642395,2.5564355850219727
3,1,-0.979899525642395,0.15079724788665771
3,0,-0.9698492288589478,2.5174789428710938
3,1,-0.9698492288589478,0.1559332013130188
3,0,-0.9597989916801453,2.4763941764831543
3,1,-0.9597989916801453,0.16008645296096802
3,0,-0.9497487545013428,2.433265209197998
3,1,-0.9497487545013428,0.16333669424057007
3,0,-0.9396985173225403,2.388176202774048
3,1,-0.9396985173225403,0.165763258934021
3,0,-0.929648220539093,2.3412117958068848
3,1,-0.929648220539093,0.1674453616142273
3,0,-0.9195979833602905,2.292456865310669
3,1,-0.9195979833602905,0.1684628129005432
3,0,-0.909547746181488,2.2419960498809814
3,1,-0.909547746181488,0.16889488697052002
3,0,-0.8994975090026855,2.189913272857666
3,1,-0.8994975090026855,0.16882097721099854
3,0,-0.8894472122192383,2.1362931728363037
3,1,-0.8894472122192383,0.16832053661346436
3,0,-0.8793969750404358,2.0812206268310547
3,1,-0.8793969750404358,0.16747301816940308
3,0,-0.8693467378616333,2.0247795581817627
3,1,-0.8693467378616333,0.1663578748703003
3,0,-0.8592965006828308,1.9670549631118774
3,1,-0.8592965006828308,0.16505450010299683
3,0,-0.8492462038993835,1.9081311225891113
3,1,-0.8492462038993835,0.16364246606826782
3,0,-0.839195966720581,1.848092794418335
3,1,-0.839195966720581,0.1622011661529541
3,0,-0.8291457295417786,1.7870246171951294
3,1,-0.8291457295417786,0.1608099341392517
3,0,-0.8190954923629761,1.7250102758407593
3,1,-0.8190954923629761,0.15954828262329102
3,0,-0.8090452551841736,1.6621352434158325
3,1,-0.8090452551841736,0.15849566459655762
3,0,-0.7989949584007263,1.5984829664230347
3,1,-0.7989949584007263,0.15773147344589233
3,0,-0.7889447212219238,1.5341389179229736
3,1,-0.7889447212219238,0.1573352813720703
3,0,-0.7788944840431213,1.4691874980926514
3,1,-0.7788944840431213,0.15738636255264282
3,0,-0.7688442468643188,1.4037129878997803
3,1,-0.7688442468643188,0.15796422958374023
3,0,-0.7587939500808716,1.337799310684204
3,1,-0.7587939500808716,0.15914839506149292
3,0,-0.7487437129020691,1.2715322971343994
3,1,-0.7487437129020691,0.16101813316345215
3,0,-0.7386934757232666,1.2050093412399292
3,1,-0.7386934757232666,0.16361907124519348
3,0,-0.7286432385444641,1.138367772102356
3,1,-0.7286432385444641,0.16690298914909363
3,0,-0.7185929417610168,1.071750283241272
3,1,-0.7185929417610168,0.17080584168434143
3,0,-0.7085427045822144,1.005300760269165
3,1,-0.7085427045822144,0.17526337504386902
3,0,-0.6984924674034119,0.9391626715660095
3,1,-0.6984924674034119,0.18021151423454285
3,0,-0.6884422302246094,0.8734791874885559
3,1,-0.6884422302246094,0.18558624386787415
3,0,-0.6783919334411621,0.8083930015563965
3,1,-0.6783919334411621,0.19132313132286072
3,0,-0.6683416962623596,0.7440484762191772
3,1,-0.6683416962623596,0.19735834002494812
3,0,-0.6582914590835571,0.6805885434150696
3,1,-0.6582914590835571,0.20362761616706848
3,0,-0.6482412219047546,0.6181566715240479
3,1,-0.6482412219047546,0.21006664633750916
3,0,-0.6381909251213074,0.5568954944610596
3,1,-0.6381909251213074,0.21661171317100525
3,0,-0.6281406879425049,0.4969494342803955
3,1,-0.6281406879425049,0.22319820523262024
3,0,-0.6180904507637024,0.4384612739086151
3,1,-0.6180904507637024,0.22976228594779968
3,0,-0.6080402135848999,0.3815745413303375
3,1,-0.6080402135848999,0.23623976111412048
3,0,-0.5979899764060974,0.32643234729766846
3,1,-0.5979899764060974,0.24256640672683716
3,0,-0.5879396796226501,0.2731778621673584
3,1,-0.5879396796226501,0.24867817759513855
3,0,-0.5778894424438477,0.2219550907611847
3,1,-0.5778894424438477,0.2545108497142792
3,0,-0.5678392052650452,0.1729070395231247
3,1,-0.5678392052650452,0.2600003778934479
3,0,-0.5577889680862427,0.12617698311805725
3,1,-0.5577889680862427,0.2650824785232544
3,0,-0.5477386713027954,0.08190813660621643
3,1,-0.5477386713027954,0.2696932852268219
3,0,-0.5376884341239929,0.040244221687316895
3,1,-0.5376884341239929,0.2737683355808258
3,0,-0.5276381969451904,0.001328393816947937
3,1,-0.5276381969451904,0.2772437036037445
3,0,-0.5175879597663879,-0.03469596803188324
3,1,-0.5175879597663879,0.2800551652908325
3,0,-0.5075376629829407,-0.06768579035997391
3,1,-0.5075376629829407,0.28213855624198914
3,0,-0.4974874258041382,-0.09749806672334671
3,1,-0.4974874258041382,0.2834301292896271
3,0,-0.4874371886253357,-0.12409639358520508
3,1,-0.4874371886253357,0.28390663862228394
3,0,-0.4773869216442108,-0.14764930307865143
3,1,-0.4773869216442108,0.28362274169921875
3,0,-0.4673366844654083,-0.1683487594127655
3,1,-0.4673366844654083,0.2826426923274994
3,0,-0.45728641748428345,-0.1863870918750763
3,1,-0.45728641748428345,0.2810305058956146
3,0,-0.44723618030548096,-0.20195627212524414
3,1,-0.44723618030548096,0.278850257396698
3,0,-0.43718594312667847,-0.2152484953403473
3,1,-0.43718594312667847,0.2761659622192383
3,0,-0.4271356761455536,-0.2264559268951416
3,1,-0.4271356761455536,0.27304157614707947
3,0,-0.4170854389667511,-0.2357705980539322
3,1,-0.4170854389667511,0.2695412337779999
3,0,-0.4070351719856262,-0.24338477849960327
3,1,-0.4070351719856262,0.26572901010513306
3,0,-0.39698493480682373,-0.24949046969413757
3,1,-0.39698493480682373,0.2616688013076782
3,0,-0.38693466782569885,-0.25427988171577454
3,1,-0.38693466782569885,0.2574247419834137
3,0,-0.37688443064689636,-0.25794509053230286
3,1,-0.37688443064689636,0.25306084752082825
3,0,-0.3668341636657715,-0.2606782913208008
3,1,-0.3668341636657715,0.24864113330841064
3,0,-0.356783926486969,-0.2626715302467346
3,1,-0.356783926486969,0.2442297339439392
3,0,-0.3467336595058441,-0.264117032289505
3,1,-0.3467336595058441,0.23989060521125793
3,0,-0.3366834223270416,-0.26520684361457825
3,1,-0.3366834223270416,0.2356877624988556
3,0,-0.32663315534591675,-0.2661331295967102
3,1,-0.32663315534591675,0.2316853106021881
3,0,-0.31658291816711426,-0.26708805561065674
3,1,-0.31658291816711426,0.22794726490974426
3,0,-0.3065326511859894,-0.26826372742652893
3,1,-0.3065326511859894,0.22453773021697998
3,0,-0.2964824140071869,-0.2698522210121155
3,1,-0.2964824140071869,0.2215205430984497
3,0,-0.286432147026062,-0.272045761346817
3,1,-0.286432147026062,0.2189599573612213
3,0,-0.2763819098472595,-0.27503639459609985
3,1,-0.2763819098472595,0.2169199287891388
3,0,-0.26633167266845703,-0.27901628613471985
3,1,-0.26633167266845703,0.2154644876718521
3,0,-0.25628140568733215,-0.28417760133743286
3,1,-0.25628140568733215,0.21465769410133362
3,0,-0.24623115360736847,-0.29070985317230225
3,1,-0.24623115360736847,0.2145625501871109
3,0,-0.23618090152740479,-0.29868263006210327
3,1,-0.23618090152740479,0.21519388258457184
3,0,-0.2261306494474411,-0.3079996407032013
3,1,-0.2261306494474411,0.21649983525276184
3,0,-0.21608039736747742,-0.3185523748397827
3,1,-0.21608039736747742,0.2184237390756607
3,0,-0.20603014528751373,-0.3302321135997772
3,1,-0.20603014528751373,0.2209087312221527
3,0,-0.19597989320755005,-0.34293025732040405
3,1,-0.19597989320755005,0.22389815747737885
3,0,-0.18592964112758636,-0.35653817653656006
3,1,-0.18592964112758636,0.22733518481254578
3,0,-0.17587940394878387,-0.37094730138778687
3,1,-0.17587940394878387,0.2311631143093109
3,0,-0.1658291518688202,-0.38604897260665894
3,1,-0.1658291518688202,0.23532520234584808
3,0,-0.1557788997888565,-0.4017345905303955
3,1,-0.1557788997888565,0.23976457118988037
3,0,-0.14572864770889282,-0.41789552569389343
3,1,-0.14572864770889282,0.24442459642887115
3,0,-0.13567839562892914,-0.4344232380390167
3,1,-0.13567839562892914,0.2492484450340271
3,0,-0.12562814354896545,-0.4512089192867279
3,1,-0.12562814354896545,0.254179447889328
3,0,-0.11557789146900177,-0.4681442379951477
3,1,-0.11557789146900177,0.25916072726249695
3,0,-0.10552763938903809,-0.48512032628059387
3,1,-0.10552763938903809,0.2641356587409973
3,0,-0.0954773873090744,-0.5020286440849304
3,1,-0.0954773873090744,0.2690472900867462
3,0,-0.08542713522911072,-0.518760621547699
3,1,-0.08542713522911072,0.2738390862941742
3,0,-0.07537688314914703,-0.5352075695991516
3,1,-0.07537688314914703,0.27845412492752075
3,0,-0.06532663106918335,-0.5512610077857971
3,1,-0.06532663106918335,0.2828357517719269
3,0,-0.055276382714509964,-0.5668122172355652
3,1,-0.055276382714509964,0.28692716360092163
3,0,-0.04522613063454628,-0.5817524790763855
3,1,-0.04522613063454628,0.2906716465950012
3,0,-0.035175878554582596,-0.5959734320640564
3,1,-0.035175878554582596,0.2940123677253723
3,0,-0.02512562833726406,-0.6093661785125732
3,1,-0.02512562833726406,0.29689261317253113
3,0,-0.015075377188622952,-0.6218222975730896
3,1,-0.015075377188622952,0.2992556393146515
3,0,-0.005025125574320555,-0.6332332491874695
3,1,-0.005025125574320555,0.30104467272758484
3,0,0.005025125574320555,-0.6434939503669739
3,1,0.005025125574320555,0.3022049367427826
3,0,0.015075377188622952,-0.6525856852531433
3,1,0.015075377188622952,0.3027273416519165
3,0,0.02512562833726406,-0.6605759859085083
3,1,0.02512562833726406,0.3026484251022339
3,0,0.035175878554582596,-0.6675363779067993
3,1,0.035175878554582596,0.3020068109035492
3,0,0.04522613063454628,-0.6735376119613647
3,1,0.04522613063454628,0.30084094405174255
3,0,0.055276382714509964,-0.6786512732505798
3,1,0.055276382714509964,0.2991894483566284
3,0,0.06532663106918335,-0.6829482913017273
3,1,0.06532663106918335,0.2970907986164093
3,0,0.07537688314914703,-0.6865001320838928
3,1,0.07537688314914703,0.29458364844322205
3,0,0.08542713522911072,-0.6893779039382935
3,1,0.08542713522911072,0.2917064428329468
3,0,0.0954773873090744,-0.691652774810791
3,1,0.0954773873090744,0.28849780559539795
3,0,0.10552763938903809,-0.6933961510658264
3,1,0.10552763938903809,0.28499627113342285
3,0,0.11557789146900177,-0.6946791410446167
3,1,0.11557789146900177,0.2812403440475464
3,0,0.12562814354896545,-0.6955727934837341
3,1,0.12562814354896545,0.2772686183452606
3,0,0.13567839562892914,-0.696148693561554
3,1,0.13567839562892914,0.27311959862709045
3,0,0.14572864770889282,-0.6964778900146484
3,1,0.14572864770889282,0.26883190870285034
3,0,0.1557788997888565,-0.6966314315795898
3,1,0.1557788997888565,0.2644440531730652
3,0,0.1658291518688202,-0.6966809034347534
3,1,0.1658291518688202,0.2599945664405823
3,0,0.17587940394878387,-0.6966971755027771
3,1,0.17587940394878387,0.2555219829082489
3,0,0.18592964112758636,-0.6967516541481018
3,1,0.18592964112758636,0.25106489658355713
3,0,0.19597989320755005,-0.6969155073165894
3,1,0.19597989320755005,0.24666184186935425
3,0,0.20603014528751373,-0.6972600817680359
3,1,0.20603014528751373,0.24235138297080994
3,0,0.21608039736747742,-0.6978564262390137
3,1,0.21608039736747742,0.2381720244884491
3,0,0.2261306494474411,-0.6987758874893188
3,1,0.2261306494474411,0.2341623455286026
3,0,0.23618090152740479,-0.7000895738601685
3,1,0.23618090152740479,0.23036092519760132
3,0,0.24623115360736847,-0.7018688917160034
3,1,0.24623115360736847,0.22680628299713135
3,0,0.25628140568733215,-0.7041810154914856
3,1,0.25628140568733215,0.22353731095790863
3,0,0.26633167266845703,-0.7070430517196655
3,1,0.26633167266845703,0.2205985188484192
3,0,0.2763819098472595,-0.7104355096817017
3,1,0.2763819098472595,0.21803830564022064
3,0,0.286432147026062,-0.7143377661705017
3,1,0.286432147026062,0.2159051150083542
3,0,0.2964824140071869,-0.7187297344207764
3,1,0.2964824140071869,0.2142474353313446
3,0,0.3065326511859894,-0.7235907316207886
3,1,0.3065326511859894,0.21311374008655548
3,0,0.31658291816711426,-0.7289006114006042
3,1,0.31658291816711426,0.2125525176525116
3,0,0.32663315534591675,-0.7346387505531311
3,1,0.32663315534591675,0.21261224150657654
3,0,0.3366834223270416,-0.7407848238945007
3,1,0.3366834223270416,0.21334140002727509
3,0,0.3467336595058441,-0.7473186254501343
3,1,0.3467336595058441,0.21478843688964844
3,0,0.356783926486969,-0.754219651222229
3,1,0.356783926486969,0.21700187027454376
3,0,0.3668341636657715,-0.7614673972129822
3,1,0.3668341636657715,0.22003015875816345
3,0,0.37688443064689636,-0.7690415978431702
3,1,0.37688443064689636,0.2239217907190323
3,0,0.38693466782569885,-0.7769218683242798
3,1,0.38693466782569885,0.22872522473335266
3,0,0.39698493480682373,-0.7850877642631531
3,1,0.39698493480682373,0.23448896408081055
3,0,0.4070351719856262,-0.7935190200805664
3,1,0.4070351719856262,0.24126145243644714
3,0,0.4170854389667511,-0.8021948933601379
3,1,0.4170854389667511,0.249091237783432
3,0,0.4271356761455536,-0.8110954761505127
3,1,0.4271356761455536,0.25802671909332275
3,0,0.43718594312667847,-0.8202000856399536
3,1,0.43718594312667847,0.26811641454696655
3,0,0.44723618030548096,-0.8294884562492371
3,1,0.44723618030548096,0.2794087529182434
3,0,0.45728641748428345,-0.8389401435852051
3,1,0.45728641748428345,0.29195231199264526
3,0,0.4673366844654083,-0.8485347032546997
3,1,0.4673366844654083,0.30579549074172974
3,0,0.4773869216442108,-0.8582519292831421
3,1,0.4773869216442108,0.3209867775440216
3,0,0.4874371886253357,-0.8680712580680847
3,1,0.4874371886253357,0.33757466077804565
3,0,0.4974874258041382,-0.8779723048210144
3,1,0.4974874258041382,0.35560762882232666
3,0,0.5075376629829407,-0.8879358172416687
3,1,0.5075376629829407,0.37512069940567017
3,0,0.5175879597663879,-0.8979519605636597
3,1,0.5175879597663879,0.3960322439670563
3,0,0.5276381969451904,-0.9080151319503784
3,1,0.5276381969451904,0.41820019483566284
3,0,0.5376884341239929,-0.9181200265884399
3,1,0.5376884341239929,0.44148215651512146
3,0,0.5477386713027954,-0.9282616376876831
3,1,0.5477386713027954,0.4657357931137085
3,0,0.5577889680862427,-0.9384346604347229
3,1,0.5577889680862427,0.4908188283443451
3,0,0.5678392052650452,-0.9486338496208191
3,1,0.5678392052650452,0.516588568687439
3,0,0.5778894424438477,-0.9588539600372314
3,1,0.5778894424438477,0.5429028272628784
3,0,0.5879396796226501,-0.9690897464752197
3,1,0.5879396796226501,0.5696190595626831
3,0,0.5979899764060974,-0.9793362617492676
3,1,0.5979899764060974,0.5965951085090637
3,0,0.6080402135848999,-0.9895877838134766
3,1,0.6080402135848999,0.6236883401870728
3,0,0.6180904507637024,-0.9998394250869751
3,1,0.6180904507637024,0.6507563591003418
3,0,0.6281406879425049,-1.0100858211517334
3,1,0.6281406879425049,0.6776568293571472
3,0,0.6381909251213074,-1.0203216075897217
3,1,0.6381909251213074,0.7042473554611206
3,0,0.6482412219047546,-1.0305417776107788
3,1,0.6482412219047546,0.7303856611251831
3,0,0.6582914590835571,-1.0407410860061646
3,1,0.6582914590835571,0.7559290528297424
3,0,0.6683416962623596,-1.0509140491485596
3,1,0.6683416962623596,0.7807352542877197
3,0,0.6783919334411621,-1.0610557794570923
3,1,0.6783919334411621,0.8046619296073914
3,0,0.6884422302246094,-1.071160912513733
3,1,0.6884422302246094,0.8275668621063232
3,0,0.6984924674034119,-1.081223726272583
3,1,0.6984924674034119,0.849307119846344
3,0,0.7085427045822144,-1.0912396907806396
3,1,0.7085427045822144,0.8697407245635986
3,0,0.7185929417610168,-1.101203441619873
3,1,0.7185929417610168,0.8887251019477844
3,0,0.7286432385444641,-1.1111093759536743
3,1,0.7286432385444641,0.9061180353164673
3,0,0.7386934757232666,-1.1209524869918823
3,1,0.7386934757232666,0.9217768907546997
3,0,0.7487437129020691,-1.1307276487350464
3,1,0.7487437129020691,0.9355593919754028
3,0,0.7587939500808716,-1.1404262781143188
3,1,0.7587939500808716,0.9473538398742676
3,0,0.7688442468643188,-1.1500215530395508
3,1,0.7688442468643188,0.9572288990020752
3,0,0.7788944840431213,-1.1594798564910889
3,1,0.7788944840431213,0.965317964553833
3,0,0.7889447212219238,-1.1687676906585693
3,1,0.7889447212219238,0.9717544317245483
3,0,0.7989949584007263,-1.1778510808944702
3,1,0.7989949584007263,0.9766722917556763
3,0,0.8090452551841736,-1.186697244644165
3,1,0.8090452551841736,0.9802050590515137
3,0,0.8190954923629761,-1.1952717304229736
3,1,0.8190954923629761,0.982486367225647
3,0,0.8291457295417786,-1.2035413980484009
3,1,0.8291457295417786,0.9836498498916626
3,0,0.839195966720581,-1.211472511291504
3,1,0.839195966720581,0.9838290214538574
3,0,0.8492462038993835,-1.219031572341919
3,1,0.8492462038993835,0.983157753944397
3,0,0.8592965006828308,-1.226184606552124
3,1,0.8592965006828308,0.9817696213722229
3,0,0.8693467378616333,-1.2328985929489136
3,1,0.8693467378616333,0.9797980785369873
3,0,0.8793969750404358,-1.2391396760940552
3,1,0.8793969750404358,0.9773770570755005
3,0,0.8894472122192383,-1.244874119758606
3,1,0.8894472122192383,0.9746399521827698
3,0,0.8994975090026855,-1.2500684261322021
3,1,0.8994975090026855,0.9717204570770264
3,0,0.909547746181488,-1.2546894550323486
3,1,0.909547746181488,0.9687522649765015
3,0,0.9195979833602905,-1.2587025165557861
3,1,0.9195979833602905,0.9658689498901367
3,0,0.929648220539093,-1.2620751857757568
3,1,0.929648220539093,0.9632042646408081
3,0,0.9396985173225403,-1.2647733688354492
3,1,0.9396985173225403,0.9608917236328125
3,0,0.9497487545013428,-1.2667632102966309
3,1,0.9497487545013428,0.9590650200843811
3,0,0.9597989916801453,-1.2680115699768066
3,1,0.9597989916801453,0.9578577876091003
3,0,0.9698492288589478,-1.2684847116470337
3,1,0.9698492288589478,0.9574036598205566
3,0,0.979899525642395,-1.2681488990783691
3,1,0.979899525642395,0.9578362703323364
3,0,0.9899497628211975,-1.2669706344604492
3,1,0.9899497628211975,0.9592891931533813
3,0,1.0,-1.264916181564331
3,1,1.0,0.9618961811065674
4,0,-1.0,2.5655517578125
4,1,-1.0,-0.06758612394332886
4,0,-0.9899497628211975,2.5329744815826416
4,1,-0.9899497628211975,-0.058057546615600586
4,0,-0.979899525642395,2.4982035160064697
4,1,-0.979899525642395,-0.049565017223358154
4,0,-0.9698492288589478,2.4613215923309326
4,1,-0.9698492288589478,-0.04205119609832764
4,0,-0.9597989916801453,2.422412633895874
4,1,-0.9597989916801453,-0.03545874357223511
4,0,-0.9497487545013428,2.3815605640411377
4,1,-0.9497487545013428,-0.029730141162872314
4,0,-0.9396985173225403,2.33884859085083
4,1,-0.9396985173225403,-0.024808228015899658
4,0,-0.929648220539093,2.2943592071533203
4,1,-0.929648220539093,-0.020635604858398438
4,0,-0.9195979833602905,2.2481772899627686
4,1,-0.9195979833602905,-0.01715487241744995
4,0,-0.909547746181488,2.200385332107544
4,1,-0.909547746181488,-0.014308631420135498
4,0,-0.8994975090026855,2.151067018508911
4,1,-0.8994975090026855,-0.01203984022140503
4,0,-0.8894472122192383,2.1003050804138184
4,1,-0.8894472122192383,-0.010290861129760742
4,0,-0.8793969750404358,2.0481841564178467
4,1,-0.8793969750404358,-0.009004354476928711
4,0,-0.8693467378616333,1.9947865009307861
4,1,-0.8693467378616333,-0.00812309980392456
4,0,-0.8592965006828308,1.9401965141296387
4,1,-0.8592965006828308,-0.00758969783782959
4,0,-0.8492462038993835,1.8844966888427734
4,1,-0.8492462038993835,-0.007346749305725098
4,0,-0.839195966720581,1.8277711868286133
4,1,-0.839195966720581,-0.007336974143981934
4,0,-0.8291457295417786,1.7701032161712646
4,1,-0.8291457295417786,-0.0075029730796813965
4,0,-0.8190954923629761,1.7115757465362549
4,1,-0.8190954923629761,-0.0077874064445495605
4,0,-0.8090452551841736,1.6522727012634277
4,1,-0.8090452551841736,-0.00813305377960205
4,0,-0.7989949584007263,1.5922770500183105
4,1,-0.7989949584007263,-0.00848233699798584
4,0,-0.7889447212219238,1.531672716140747
4,1,-0.7889447212219238,-0.008778035640716553
4,0,-0.7788944840431213,1.4705431461334229
4,1,-0.7788944840431213,-0.008962750434875488
4,0,-0.7688442468643188,1.4089713096618652
4,1,-0.7688442468643188,-0.008979260921478271
4,0,-0.7587939500808716,1.3470404148101807
4,1,-0.7587939500808716,-0.008770108222961426
4,0,-0.7487437129020691,1.284834623336792
4,1,-0.7487437129020691,-0.008277952671051025
4,0,-0.7386934757232666,1.2224514484405518
4,1,-0.7386934757232666,-0.007463514804840088
4,0,-0.7286432385444641,1.160029649734497
4,1,-0.7286432385444641,-0.006337225437164307
4,0,-0.7185929417610168,1.0977132320404053
4,1,-0.7185929417610168,-0.004917800426483154
4,0,-0.7085427045822144,1.0356481075286865
4,1,-0.7085427045822144,-0.0032244324684143066
4,0,-0.6984924674034119,0.9739791750907898
4,1,-0.6984924674034119,-0.0012758970260620117
4,0,-0.6884422302246094,0.9128516316413879
4,1,-0.6884422302246094,0.0009089112281799316
4,0,-0.6783919334411621,0.8524098992347717
4,1,-0.6783919334411621,0.003310978412628174
4,0,-0.6683416962623596,0.7928000092506409
4,1,-0.6683416962623596,0.005911529064178467
4,0,-0.6582914590835571,0.73416668176651
4,1,-0.6582914590835571,0.008691519498825073
4,0,-0.6482412219047546,0.6766549348831177
4,1,-0.6482412219047546,0.011632084846496582
4,0,-0.6381909251213074,0.620409369468689
4,1,-0.6381909251213074,0.014714479446411133
4,0,-0.6281406879425049,0.5655759572982788
4,1,-0.6281406879425049,0.017919480800628662
4,0,-0.6180904507637024,0.512299120426178
4,1,-0.6180904507637024,0.021228402853012085
4,0,-0.6080402135848999,0.460724413394928
4,1,-0.6080402135848999,0.024622291326522827
4,0,-0.5979899764060974,0.4109964966773987
4,1,-0.5979899764060974,0.02808210253715515
4,0,-0.5879396796226501,0.3632603883743286
4,1,-0.5879396796226501,0.0315890908241272
4,0,-0.5778894424438477,0.3176616430282593
4,1,-0.5778894424438477,0.03512421250343323
4,0,-0.5678392052650452,0.27434515953063965
4,1,-0.5678392052650452,0.03866872191429138
4,0,-0.5577889680862427,0.23345588147640228
4,1,-0.5577889680862427,0.04220357537269592
4,0,-0.5477386713027954,0.19513878226280212
4,1,-0.5477386713027954,0.04570987820625305
4,0,-0.5376884341239929,0.15953923761844635
4,1,-0.5376884341239929,0.04916864633560181
4,0,-0.5276381969451904,0.12680231034755707
4,1,-0.5276381969451904,0.05256113409996033
4,0,-0.5175879597663879,0.09707288444042206
4,1,-0.5175879597663879,0.0558682382106781
4,0,-0.5075376629829407,0.07049596309661865
4,1,-0.5075376629829407,0.05907121300697327
4,0,-0.4974874258041382,0.047216013073921204
4,1,-0.4974874258041382,0.06215113401412964
4,0,-0.4874371886253357,0.027258381247520447
4,1,-0.4874371886253357,0.06509295105934143
4,0,-0.4773869216442108,0.010418415069580078
4,1,-0.4773869216442108,0.06788906455039978
4,0,-0.4673366844654083,-0.0035347938537597656
4,1,-0.4673366844654083,0.0705329179763794
4,0,-0.45728641748428345,-0.014832407236099243
4,1,-0.45728641748428345,0.07301777601242065
4,0,-0.44723618030548096,-0.0237053781747818
4,1,-0.44723618030548096,0.07533705234527588
4,0,-0.43718594312667847,-0.030384808778762817
4,1,-0.43718594312667847,0.07748398184776306
4,0,-0.4271356761455536,-0.03510172665119171
4,1,-0.4271356761455536,0.07945197820663452
4,0,-0.4170854389667511,-0.038087211549282074
4,1,-0.4170854389667511,0.08123421669006348
4,0,-0.4070351719856262,-0.03957226127386093
4,1,-0.4070351719856262,0.08282428979873657
4,0,-0.39698493480682373,-0.03978797793388367
4,1,-0.39698493480682373,0.08421531319618225
4,0,-0.38693466782569885,-0.0389653816819191
4,1,-0.38693466782569885,0.08540070056915283
4,0,-0.37688443064689636,-0.037335507571697235
4,1,-0.37688443064689636,0.08637380599975586
4,0,-0.3668341636657715,-0.03512941300868988
4,1,-0.3668341636657715,0.08712783455848694
4,0,-0.356783926486969,-0.032578155398368835
4,1,-0.356783926486969,0.08765625953674316
4,0,-0.3467336595058441,-0.029912777245044708
4,1,-0.3467336595058441,0.08795240521430969
4,0,-0.3366834223270416,-0.027364350855350494
4,1,-0.3366834223270416,0.08800949156284332
4,0,-0.32663315534591675,-0.025163881480693817
4,1,-0.32663315534591675,0.08782094717025757
4,0,-0.31658291816711426,-0.023542411625385284
4,1,-0.31658291816711426,0.08738008141517639
4,0,-0.3065326511859894,-0.022731050848960876
4,1,-0.3065326511859894,0.08668018877506256
4,0,-0.2964824140071869,-0.022960811853408813
4,1,-0.2964824140071869,0.08571465313434601
4,0,-0.286432147026062,-0.02446272224187851
4,1,-0.286432147026062,0.0844767689704895
4,0,-0.2763819098472595,-0.027467839419841766
4,1,-0.2763819098472595,0.08295990526676178
4,0,-0.26633167266845703,-0.03220720961689949
4,1,-0.26633167266845703,0.0811573714017868
4,0,-0.25628140568733215,-0.03891192376613617
4,1,-0.25628140568733215,0.07906246185302734
4,0,-0.24623115360736847,-0.04780968651175499
4,1,-0.24623115360736847,0.0766691118478775
4,0,-0.23618090152740479,-0.0589786171913147
4,1,-0.23618090152740479,0.0739937573671341
4,0,-0.2261306494474411,-0.0722891315817833
4,1,-0.2261306494474411,0.07108458876609802
4,0,-0.21608039736747742,-0.08759646117687225
4,1,-0.21608039736747742,0.06799201667308807
4,0,-0.20603014528751373,-0.10475575178861618
4,1,-0.20603014528751373,0.06476646661758423
4,0,-0.19597989320755005,-0.12362214922904968
4,1,-0.19597989320755005,0.06145834922790527
4,0,-0.18592964112758636,-0.14405085146427155
4,1,-0.18592964112758636,0.05811811983585358
4,0,-0.17587940394878387,-0.16589698195457458
4,1,-0.17587940394878387,0.054796263575553894
4,0,-0.1658291518688202,-0.18901579082012177
4,1,-0.1658291518688202,0.05154307931661606
4,0,-0.1557788997888565,-0.21326236426830292
4,1,-0.1557788997888565,0.048409074544906616
4,0,-0.14572864770889282,-0.23849192261695862
4,1,-0.14572864770889282,0.04544466733932495
4,0,-0.13567839562892914,-0.2645595967769623
4,1,-0.13567839562892914,0.04270029813051224
4,0,-0.12562814354896545,-0.2913206219673157
4,1,-0.12562814354896545,0.04022641479969025
4,0,-0.11557789146900177,-0.31863006949424744
4,1,-0.11557789146900177,0.03807339072227478
4,0,-0.10552763938903809,-0.34634315967559814
4,1,-0.10552763938903809,0.0362916961312294
4,0,-0.0954773873090744,-0.3743150532245636
4,1,-0.0954773873090744,0.03493174910545349
4,0,-0.08542713522911072,-0.402400940656662
4,1,-0.08542713522911072,0.03404396399855614
4,0,-0.07537688314914703,-0.4304559826850891
4,1,-0.07537688314914703,0.033678796142339706
4,0,-0.06532663106918335,-0.458335280418396
4,1,-0.06532663106918335,0.033886656165122986
4,0,-0.055276382714509964,-0.485894113779068
4,1,-0.055276382714509964,0.03471798822283745
4,0,-0.04522613063454628,-0.5129875540733337
4,1,-0.04522613063454628,0.03622320666909218
4,0,-0.035175878554582596,-0.5394708514213562
4,1,-0.035175878554582596,0.03845274820923805
4,0,-0.02512562833726406,-0.5651990175247192
4,1,-0.02512562833726406,0.04145704209804535
4,0,-0.015075377188622952,-0.5900274515151978
4,1,-0.015075377188622952,0.04528653249144554
4,0,-0.005025125574320555,-0.613811194896698
4,1,-0.005025125574320555,0.04999161884188652
4,0,0.005025125574320555,-0.636409342288971
4,1,0.005025125574320555,0.05562073737382889
4,0,0.015075377188622952,-0.6577732563018799
4,1,0.015075377188622952,0.06217583268880844
4,0,0.02512562833726406,-0.677946150302887
4,1,0.02512562833726406,0.06961242109537125
4,0,0.035175878554582596,-0.6969753503799438
4,1,0.035175878554582596,0.0778840035200119
4,0,0.04522613063454628,-0.7149079442024231
4,1,0.04522613063454628,0.08694407343864441
4,0,0.055276382714509964,-0.7317914366722107
4,1,0.055276382714509964,0.09674613922834396
4,0,0.06532663106918335,-0.7476730346679688
4,1,0.06532663106918335,0.10724364221096039
4,0,0.07537688314914703,-0.7625998854637146
4,1,0.07537688314914703,0.11839014291763306
4,0,0.08542713522911072,-0.7766193747520447
4,1,0.08542713522911072,0.13013909757137299
4,0,0.0954773873090744,-0.7897788882255554
4,1,0.0954773873090744,0.14244399964809418
4,0,0.10552763938903809,-0.8021255135536194
4,1,0.10552763938903809,0.15525837242603302
4,0,0.11557789146900177,-0.8137065172195435
4,1,0.11557789146900177,0.16853567957878113
4,0,0.12562814354896545,-0.8245692253112793
4,1,0.12562814354896545,0.1822294294834137
4,0,0.13567839562892914,-0.8347609639167786
4,1,0.13567839562892914,0.19629308581352234
4,0,0.14572864770889282,-0.8443290591239929
4,1,0.14572864770889282,0.21068020164966583
4,0,0.1557788997888565,-0.8533205986022949
4,1,0.1557788997888565,0.2253442406654358
4,0,0.1658291518688202,-0.8617830872535706
4,1,0.1658291518688202,0.24023869633674622
4,0,0.17587940394878387,-0.8697635531425476
4,1,0.17587940394878387,0.2553170323371887
4,0,0.18592964112758636,-0.877309262752533
4,1,0.18592964112758636,0.2705327868461609
4,0,0.19597989320755005,-0.8844677805900574
4,1,0.19597989320755005,0.2858394384384155
4,0,0.20603014528751373,-0.8912861347198486
4,1,0.20603014528751373,0.30119046568870544
4,0,0.21608039736747742,-0.897811770439148
4,1,0.21608039736747742,0.3165394067764282
4,0,0.2261306494474411,-0.9040917754173279
4,1,0.2261306494474411,0.33183974027633667
4,0,0.23618090152740479,-0.9101735949516296
4,1,0.23618090152740479,0.3470449447631836
4,0,0.24623115360736847,-0.9161044359207153
4,1,0.24623115360736847,0.3621085286140442
4,0,0.25628140568733215,-0.921929121017456
4,1,0.25628140568733215,0.3769855499267578
4,0,0.26633167266845703,-0.9276628494262695
4,1,0.26633167266845703,0.3916533589363098
4,0,0.2763819098472595,-0.9332983493804932
4,1,0.2763819098472595,0.406105101108551
4,0,0.286432147026062,-0.9388284683227539
4,1,0.286432147026062,0.4203343391418457
4,0,0.2964824140071869,-0.9442455768585205
4,1,0.2964824140071869,0.4343346953392029
4,0,0.3065326511859894,-0.9495422840118408
4,1,0.3065326511859894,0.44809961318969727
4,0,0.31658291816711426,-0.9547110795974731
4,1,0.31658291816711426,0.4616227447986603
4,0,0.32663315534591675,-0.9597445726394653
4,1,0.32663315534591675,0.4748975932598114
4,0,0.3366834223270416,-0.9646353721618652
4,1,0.3366834223270416,0.4879177212715149
4,0,0.3467336595058441,-0.9693759083747864
4,1,0.3467336595058441,0.5006766319274902
4,0,0.356783926486969,-0.9739587306976318
4,1,0.356783926486969,0.5131680965423584
4,0,0.3668341636657715,-0.9783766269683838
4,1,0.3668341636657715,0.5253853797912598
4,0,0.37688443064689636,-0.9826217889785767
4,1,0.37688443064689636,0.5373221635818481
4,0,0.38693466782569885,-0.986687183380127
4,1,0.38693466782569885,0.5489721298217773
4,0,0.39698493480682373,-0.9905649423599243
4,1,0.39698493480682373,0.5603286027908325
4,0,0.4070351719856262,-0.9942479729652405
4,1,0.4070351719856262,0.5713852643966675
4,0,0.4170854389667511,-0.9977284669876099
4,1,0.4170854389667511,0.5821356773376465
4,0,0.4271356761455536,-1.0009993314743042
4,1,0.4271356761455536,0.5925734043121338
4,0,0.43718594312667847,-1.004052996635437
4,1,0.43718594312667847,0.6026919484138489
4,0,0.44723618030548096,-1.0068821907043457
4,1,0.44723618030548096,0.6124848127365112
4,0,0.45728641748428345,-1.00947904586792
4,1,0.45728641748428345,0.6219457387924194
4,0,0.4673366844654083,-1.0118364095687866
4,1,0.4673366844654083,0.6310681104660034
4,0,0.4773869216442108,-1.013946771621704
4,1,0.4773869216442108,0.639845609664917
4,0,0.4874371886253357,-1.0158027410507202
4,1,0.4874371886253357,0.6482716798782349
4,0,0.4974874258041382,-1.0173969268798828
4,1,0.4974874258041382,0.6563398838043213
4,0,0.5075376629829407,-1.018723726272583
4,1,0.5075376629829407,0.6640441417694092
4,0,0.5175879597663879,-1.0197968482971191
4,1,0.5175879597663879,0.6713805198669434
4,0,0.5276381969451904,-1.0206390619277954
4,1,0.5276381969451904,0.6783464550971985
4,0,0.5376884341239929,-1.0212732553482056
4,1,0.5376884341239929,0.6849392652511597
4,0,0.5477386713027954,-1.0217227935791016
4,1,0.5477386713027954,0.6911563873291016
4,0,0.5577889680862427,-1.022010087966919
4,1,0.5577889680862427,0.696995198726654
4,0,0.5678392052650452,-1.0221587419509888
4,1,0.5678392052650452,0.7024530172348022
4,0,0.5778894424438477,-1.0221915245056152
4,1,0.5778894424438477,0.707527220249176
4,0,0.5879396796226501,-1.0221312046051025
4,1,0.5879396796226501,0.7122151851654053
4,0,0.5979899764060974,-1.0220015048980713
4,1,0.5979899764060974,0.7165144681930542
4,0,0.6080402135848999,-1.021824598312378
4,1,0.6080402135848999,0.7204221487045288
4,0,0.6180904507637024,-1.0216238498687744
4,1,0.6180904507637024,0.7239357233047485
4,0,0.6281406879425049,-1.0214223861694336
4,1,0.6281406879425049,0.7270526885986328
4,0,0.6381909251213074,-1.0212432146072388
4,1,0.6381909251213074,0.729770302772522
4,0,0.6482412219047546,-1.0211091041564941
4,1,0.6482412219047546,0.7320859432220459
4,0,0.6582914590835571,-1.021043300628662
4,1,0.6582914590835571,0.733997106552124
4,0,0.6683416962623596,-1.0210685729980469
4,1,0.6683416962623596,0.7355009317398071
4,0,0.6783919334411621,-1.0212082862854004
4,1,0.6783919334411621,0.7365950345993042
4,0,0.6884422302246094,-1.0214850902557373
4,1,0.6884422302246094,0.7372767329216003
4,0,0.6984924674034119,-1.0219221115112305
4,1,0.6984924674034119,0.7375432252883911
4,0,0.7085427045822144,-1.0225422382354736
4,1,0.7085427045822144,0.7373921275138855
4,0,0.7185929417610168,-1.0233690738677979
4,1,0.7185929417610168,0.7368206977844238
4,0,0.7286432385444641,-1.0244247913360596
4,1,0.7286432385444641,0.7358263731002808
4,0,0.7386934757232666,-1.0257329940795898
4,1,0.7386934757232666,0.7344064712524414
4,0,0.7487437129020691,-1.0273163318634033
4,1,0.7487437129020691,0.7325583696365356
4,0,0.7587939500808716,-1.0291916131973267
4,1,0.7587939500808716,0.7302851676940918
4,0,0.7688442468643188,-1.0313363075256348
4,1,0.7688442468643188,0.7276232838630676
4,0,0.7788944840431213,-1.0337142944335938
4,1,0.7788944840431213,0.7246212363243103
4,0,0.7889447212219238,-1.0362894535064697
4,1,0.7889447212219238,0.7213274836540222
4,0,0.7989949584007263,-1.0390262603759766
4,1,0.7989949584007263,0.7177906036376953
4,0,0.8090452551841736,-1.0418877601623535
4,1,0.8090452551841736,0.7140589356422424
4,0,0.8190954923629761,-1.0448379516601562
4,1,0.8190954923629761,0.7101810574531555
4,0,0.8291457295417786,-1.0478410720825195
4,1,0.8291457295417786,0.7062055468559265
4,0,0.839195966720581,-1.0508607625961304
4,1,0.839195966720581,0.702180802822113
4,0,0.8492462038993835,-1.0538606643676758
4,1,0.8492462038993835,0.698155403137207
4,0,0.8592965006828308,-1.05680513381958
4,1,0.8592965006828308,0.6941777467727661
4,0,0.8693467378616333,-1.0596574544906616
4,1,0.8693467378616333,0.6902964115142822
4,0,0.8793969750404358,-1.0623819828033447
4,1,0.8793969750404358,0.6865599155426025
4,0,0.8894472122192383,-1.0649423599243164
4,1,0.8894472122192383,0.6830167174339294
4,0,0.8994975090026855,-1.0673022270202637
4,1,0.8994975090026855,0.6797152161598206
4,0,0.909547746181488,-1.0694259405136108
4,1,0.909547746181488,0.6767041087150574
4,0,0.9195979833602905,-1.0712769031524658
4,1,0.9195979833602905,0.6740317344665527
4,0,0.929648220539093,-1.0728192329406738
4,1,0.929648220539093,0.6717467308044434
4,0,0.9396985173225403,-1.074016809463501
4,1,0.9396985173225403,0.6698974967002869
4,0,0.9497487545013428,-1.0748331546783447
4,1,0.9497487545013428,0.6685325503349304
4,0,0.9597989916801453,-1.0752326250076294
4,1,0.9597989916801453,0.6677004098892212
4,0,0.9698492288589478,-1.0751787424087524
4,1,0.9698492288589478,0.6674495339393616
4,0,0.979899525642395,-1.07463538646698
4,1,0.979899525642395,0.6678284406661987
4,0,0.9899497628211975,-1.0735664367675781
4,1,0.9899497628211975,0.6688856482505798
4,0,1.0,-1.0719358921051025
4,1,1.0,0.670669674873352
